"DIRECCIONSUCURSAL","CIUDAD"
"7 Mallard Crossing","Ngulakan"
"329 Emmet Trail","Dongdong"
"63 Dryden Center","Qiganjidie"
"38 Memorial Center","Shensuo"
"38074 Granby Circle","Boychinovtsi"
"0230 Arizona Parkway","Sanchahe"
"59458 Fallview Parkway","Philipsburg"
"9 Pond Court","Palamadu"
"90972 Daystar Street","Gaoyi"
"2128 Lotheville Drive","á¸¨ukÅ«mat-e ShÄ«nkaÄ«"
"0 Morning Terrace","Ãgua Levada"
"43 Mccormick Parkway","Xiatuanpu"
"0 8th Park","Vanderbijlpark"
"571 Union Place","Cipasung"
"9627 Rigney Center","Mercaderes"
"42 Gateway Avenue","Paseka"
"68 Carpenter Street","Pokhvistnevo"
"9 Macpherson Point","Tandag"
"6 Hansons Court","Telmin Suma"
"8 Farragut Parkway","TrÃ¢u Quá»³"
"6662 Bowman Hill","GeorgÄ«evka"
"06476 Montana Parkway","Senovo"
"20 Twin Pines Way","Gambaru"
"3865 Maywood Hill","Newport News"
"2198 Browning Road","Xiangride"
"759 Continental Hill","Shijing"
"90598 Banding Way","Annecy"
"7831 Derek Terrace","Notre Dame"
"6266 Waubesa Junction","Courelas Bravas"
"45937 Dakota Court","Pinhal Novo"
"48704 Susan Point","Popasna"
"4789 Village Green Pass","ChinÃº"
"1 Division Lane","MedellÃ­n"
"76 Union Alley","Anoek"
"3 Dunning Road","Qili"
"0 Helena Park","Riberalta"
"241 Linden Court","Sukakerta"
"2541 Westend Parkway","Yichun"
"9 Erie Crossing","Kotadukuh"
"9536 Transport Center","Jincheng"
"4 Quincy Way","Kista"
"5 Stone Corner Crossing","Capela"
"5655 Maywood Plaza","Ã‡obansÄ±ÄŸnaq"
"56 Memorial Lane","Rio Grande da Serra"
"27641 Summerview Drive","ItapuÃ­"
"2155 Morrow Pass","Bocana de Paiwas"
"681 Acker Park","Calhetas"
"1 Division Circle","Guanli"
"14 Chive Circle","Lauro de Freitas"
"23 Transport Parkway","Round Rock"
"534 Northland Crossing","Krasnokamensk"
"0 Fremont Way","Hasan"
"29 Glacier Hill Circle","Salinas"
"42 Maywood Park","Sidi Bousber"
"765 Stang Parkway","FÃ¤rgelanda"
"18 Drewry Park","Kekeri"
"287 Butterfield Place","Ã„ngelholm"
"80123 Lakewood Road","Bunisari"
"69 Farwell Lane","Haruman"
"0990 Morning Center","DÄ™bowiec"
"5195 North Trail","Palotina"
"96 Stang Drive","Bronx"
"37 Nova Lane","OstrÃ³w Mazowiecka"
"0495 Sutherland Lane","Ramenki"
"36 School Plaza","Yerba Buena"
"70 7th Circle","Gowa"
"6 Crowley Point","Saint-Quentin-en-Yvelines"
"6 Mendota Lane","Duas Igrejas"
"2956 Sunbrook Point","Trbovlje"
"21 Hayes Avenue","Caucaguita"
"29 Truax Lane","Koryukivka"
"32979 Jenna Park","Lebedyanâ€™"
"3 Reindahl Way","Jinjia"
"4405 Huxley Road","Hagonoy"
"126 Rockefeller Park","Guangshun"
"1837 Starling Terrace","Corujeira"
"88708 Menomonie Street","Trompsburg"
"63528 Anhalt Plaza","Sara Kunda"
"7 Bobwhite Terrace","Gâ€˜azalkent"
"6 Ridgeview Point","Zhanghuban"
"4 Algoma Road","Cerro Blanco"
"566 Glacier Hill Center","Orlu"
"8 Hallows Park","CÃ¡chira"
"6865 Clemons Lane","Barretos"
"9868 Glendale Drive","NÄƒm CÄƒn"
"66532 Pond Plaza","Pira"
"6 Arizona Pass","Surulangun Rawas"
"8959 Shelley Alley","Lanot"
"211 Dottie Place","Gelemso"
"26 Messerschmidt Court","Filabusi"
"8 Oneill Point","Trzin"
"59402 Carberry Park","Vyritsa"
"966 Chive Pass","Zhongxinqiao"
"3 Riverside Park","Magumeri"
"01 Clyde Gallagher Parkway","Svilajnac"
"4 Farragut Center","Chicago"
"4 Ridge Oak Crossing","Stockholm"
"74 Sycamore Center","Fryazino"
"760 Fair Oaks Center","Laugar"
"687 Schmedeman Center","Puncakwangi"
"37 International Court","BorÃ¥s"
"050 Mcguire Pass","Puerto Mayor OtaÃ±o"
"15496 Erie Street","Labao"
"45065 Maywood Pass","Merritt"
"39669 Arizona Way","Beloha"
"6840 Cardinal Center","Xinghai"
"85 2nd Court","BaÄki Breg"
"8 Grover Crossing","Niyang"
"2 Surrey Park","GierÅ‚oÅ¼"
"1109 Walton Terrace","Bali"
"9977 Northport Court","SÃ£o LourenÃ§o do Sul"
"20 Lakeland Place","Wenqiao"
"328 Hintze Park","Nurlat"
"100 Rusk Lane","Verd"
"91263 Farmco Plaza","Oymak"
"63299 Westerfield Way","Kalimati"
"988 Reinke Pass","Lavaltrie"
"2968 Forster Hill","Wakiso"
"5561 Glacier Hill Road","MounlapamÃ´k"
"466 Lawn Court","Almeria"
"5 Rowland Trail","Bumba"
"32 Brentwood Circle","Cerro Azul"
"48 Warbler Avenue","Norfolk"
"0 Hoffman Court","SÃ£o Mateus"
"2 Eastlawn Court","Krzanowice"
"11 Northland Drive","GÃ¶teborg"
"83 Melby Road","Åubnice"
"84 Acker Junction","Arraga"
"196 Farmco Center","Fier-Ã‡ifÃ§i"
"694 Sunbrook Road","Hluhluwe"
"51998 David Point","Janeng"
"9680 Myrtle Plaza","Kassala"
"75 Sloan Pass","El Cafetal"
"0288 Randy Park","Talawi"
"51275 Bunker Hill Terrace","Strasbourg"
"0 Basil Lane","Shuanggang"
"0049 Golf Course Drive","Fairview"
"69 Beilfuss Hill","MacArthur"
"91419 Northview Road","Paris 07"
"9 Bunker Hill Street","Rozhniv"
"75364 Clove Alley","Sing Buri"
"16921 Banding Hill","VelkÃ© Pavlovice"
"4369 Banding Point","Calais"
"0 Hoffman Court","Carusucan"
"8 Sutherland Avenue","Tullamore"
"35 Atwood Street","Librazhd"
"767 Jenna Junction","Jietou"
"58703 Atwood Way","Yarang"
"32637 East Crossing","Itatskiy"
"4532 Linden Pass","Divo"
"8901 Schurz Crossing","JÃ³zefÃ³w"
"60357 Crownhardt Junction","Boa Vista"
"794 Morning Place","Mbandjok"
"51052 Artisan Hill","Nong Kung Si"
"7 Schmedeman Junction","Ziway"
"27 Namekagon Terrace","Masaraway"
"7927 Farragut Center","Zhalinghu"
"0602 Union Parkway","Corpus"
"8 Northridge Court","Nakhon Pathom"
"1 Dovetail Terrace","Enskede"
"70068 Lien Court","Balice"
"37 Kipling Alley","Hitachi-Naka"
"688 Tennyson Pass","LibiÄ…Å¼"
"92 Spaight Terrace","Verkhniye Achaluki"
"18 Lotheville Crossing","Uyugan"
"4 Muir Place","Blois"
"00 Butternut Street","Bualan"
"4814 Mccormick Center","Charlestown"
"6249 Buhler Drive","Pulau Pinang"
"3988 Iowa Terrace","Guamal"
"461 Annamark Road","Xiekou"
"354 Merrick Hill","Lugouqiao"
"0 Manufacturers Crossing","Sukpak"
"0959 Talmadge Circle","Jianghai"
"0 Stone Corner Trail","Yangdian"
"119 Mifflin Terrace","Asykata"
"3797 Glendale Park","Famagusta"
"91509 Dapin Trail","Báº±ng LÅ©ng"
"4101 Anderson Road","Krajan"
"8109 Barnett Way","Ruda ÅšlÄ…ska"
"382 Crest Line Court","DalsjÃ¶fors"
"71 Boyd Circle","Lujiao"
"997 Mandrake Plaza","Santa Fe"
"7 Maple Wood Crossing","San AgustÃ­n"
"68 Meadow Ridge Park","Ludvika"
"07 Debra Trail","Åyse"
"8109 Shopko Hill","Rangpur"
"05101 Dakota Drive","Bayan Qagan"
"5242 Sheridan Crossing","Bojano"
"46921 Farragut Terrace","Beizhang"
"4723 Corry Point","Chongjin"
"03039 Arizona Street","RÄjo KhanÄni"
"58486 Surrey Center","Kampong Chhnang"
"46 Reinke Park","Victoria West"
"1 Bultman Alley","Moju"
"576 Laurel Point","ParaÃ­so"
"62082 American Terrace","Stockholm"
"254 Buell Park","Warungpeuteuy"
"68643 Shoshone Crossing","Fenglu"
"556 Sutteridge Street","Fovissste"
"520 Kinsman Plaza","Vista Hermosa"
"6984 Blue Bill Park Drive","Litibakul"
"270 Elka Terrace","Beigang"
"5991 Larry Court","Chattanooga"
"7884 Lakeland Trail","Richmond"
"1854 Bobwhite Trail","GojÅ"
"34032 Alpine Alley","Vista Hermosa"
"41 Fisk Terrace","Cai Doi Vam"
"29 Butternut Terrace","Shaami-Yurt"
"75 Dwight Point","SÃ©"
"90260 Bonner Court","Sumberbening"
"173 Sachtjen Junction","Lupane"
"9 Pennsylvania Center","Yangchun"
"881 Fisk Point","Asahbadung"
"48 Melody Lane","Gose"
"7 Graceland Court","Shakhty"
"899 Division Alley","Novokayakent"
"5013 Saint Paul Place","Falun"
"97773 Chive Avenue","Prawdzinski"
"487 Bunting Avenue","Chang Klang"
"4 Holmberg Circle","UmeÃ¥"
"22682 Carpenter Crossing","Gading"
"4 Beilfuss Road","DelÃ£es"
"5356 Fulton Drive","Sabanitas"
"49119 Paget Crossing","Horad Smalyavichy"
"0782 High Crossing Hill","Kelo"
"27507 Service Road","Neundeut"
"25 Dahle Street","Barbaza"
"70860 Crescent Oaks Plaza","Payao"
"355 Lakewood Gardens Trail","Murree"
"814 Gerald Drive","Cristalina"
"50 Nelson Place","Eastern Suburbs Mc"
"8063 Prentice Center","Lawonda"
"28179 Pepper Wood Circle","Argasari"
"8783 Claremont Circle","VilcÃºn"
"2168 Red Cloud Crossing","Villa Presidente Frei, Ã‘uÃ±oa, Santiago, Chile"
"18681 Prairieview Junction","Zamora"
"71 Barby Place","Da-an Sur"
"5 Ridgeway Circle","BrzeÅºnica"
"45 Pawling Point","Atar"
"40648 Sheridan Way","Tangwu"
"99 Summerview Place","Colmar"
"56 Karstens Junction","Santa Cruz de Guacas"
"442 Kennedy Plaza","Tullinge"
"0648 Briar Crest Hill","Innisfil"
"66 Surrey Avenue","Isahaya"
"32 Washington Circle","Karlstad"
"95923 Chive Plaza","CaÃ¡la"
"099 Iowa Junction","Gaopai"
"20 Oriole Center","LuleÃ¥"
"2 Cody Avenue","Liyuan"
"72 Troy Alley","Castellon De La Plana/Castello De La Pla"
"25 Fairview Road","Quintela"
"6 Forest Street","Curahpacul Satu"
"95126 Columbus Avenue","Zhouzai"
"2 Stang Road","Chaiyo"
"4 Riverside Center","Motygino"
"209 Fordem Court","Jinshan"
"56961 Colorado Circle","Mburukullu"
"25 Larry Lane","Iroquois Falls"
"01 Scofield Way","La UniÃ³n"
"705 Glendale Pass","LumphÄƒt"
"97467 Calypso Alley","Soca"
"64728 Mcguire Place","Trindade"
"21 Cherokee Road","Kopparberg"
"7 Haas Street","HaymÄâ€™"
"96221 David Center","Azogues"
"01 Glendale Alley","KrzÄ™cin"
"6320 Myrtle Road","AriguanÃ­"
"22 Di Loreto Trail","Sanjiazi"
"372 Dwight Drive","Bendan"
"86 Magdeline Point","Postupice"
"211 Miller Plaza","Nanxia"
"7035 Mcguire Alley","Wysokie Mazowieckie"
"31559 Buell Way","Placer"
"97297 Oakridge Court","Obando"
"4 Dakota Drive","Progreso"
"587 Shoshone Pass","Old Shinyanga"
"56 Mifflin Court","Skole"
"7 Scoville Road","Karangasem"
"3839 High Crossing Plaza","Anambongan"
"1 Utah Street","Rio"
"82397 Weeping Birch Hill","Atalaia"
"38 American Ash Park","Wuâ€™erbu Baolige"
"72667 Welch Court","Longgang"
"482 Everett Road","Dagua"
"38 Sommers Crossing","ChitagÃ¡"
"869 Hansons Place","NÃ©a IonÃ­a"
"2 Linden Hill","Benito Juarez"
"49 Shoshone Center","Cortezia"
"92266 Amoth Crossing","Basarabeasca"
"0 Melrose Crossing","Zhongbao"
"83235 Killdeer Way","Acas"
"20 Donald Court","Khanabad"
"98036 Moose Street","Sangtian"
"404 Park Meadow Place","Ban Chalong"
"33346 Sundown Point","Lianxia"
"8758 Sunbrook Court","Krajan"
"5 Vermont Drive","Oslo"
"83 Grasskamp Center","Santa Catalina"
"52 Lindbergh Trail","Sigiriya"
"8533 Sauthoff Park","Covas da Raposa"
"67 Kim Junction","Balky"
"464 Waywood Plaza","CapitÃ¡n BermÃºdez"
"09993 Toban Way","Dazaifu"
"9 Gina Place","Rongcheng"
"92187 Comanche Court","Å½eleznice"
"44904 Fisk Circle","AdiakÃ©"
"93 Forest Run Pass","Bauta"
"65 Schlimgen Plaza","Nowy SÄ…cz"
"00022 Ridge Oak Terrace","Kiruna"
"16629 Holy Cross Way","Xinxing"
"9 Sutteridge Alley","Sarulla"
"96 Mendota Way","Caspisapa"
"780 Calypso Hill","Guayaquil"
"80 Bobwhite Hill","Jincheng"
"834 Kings Parkway","Shaoha"
"79 Oxford Pass","Chencai"
"29338 Washington Pass","Guojia"
"36150 Schiller Road","JÄjarm"
"77 Orin Trail","Herong"
"0 Elka Junction","Stratford"
"42973 Maple Wood Junction","Kashiwazaki"
"35926 Longview Crossing","Villa Nueva"
"0125 Buell Court","Suan Luang"
"3 Delaware Way","Morrison"
"061 West Point","Longhua"
"16694 Grim Hill","Bururi"
"775 Bowman Hill","Krathum Baen"
"0539 Westridge Place","Huangdi"
"642 Valley Edge Drive","Torrijos"
"998 Hauk Hill","IgarapÃ© Miri"
"6385 Oneill Junction","Janeng"
"15 Lillian Terrace","Sangpi"
"02 Brickson Park Street","Suez"
"78410 Hanover Plaza","PogÃ³rze"
"3726 Duke Center","Sedayulawas"
"8 Gerald Way","Papringan"
"081 Fuller Plaza","Thá»‹ Tráº¥n NÆ°á»›c Hai"
"5410 Novick Junction","Mayuan"
"7 Green Ridge Place","La Ravoire"
"4791 Dexter Parkway","Beiyang"
"84 Barnett Place","Bogdaniec"
"93455 Crest Line Hill","Sua"
"20 Anderson Parkway","ZÅ‚otniki Kujawskie"
"9912 Summerview Junction","Kedungbacin"
"4430 School Park","Ansongo"
"13916 Scofield Place","Pochuta"
"9 Northport Trail","Jiangjia"
"85912 Aberg Crossing","Cerklje na Gorenjskem"
"692 Spohn Plaza","Sapphaya"
"48660 Moland Point","San Clemente"
"22 Carioca Street","Shanmei"
"42588 East Court","Taibai"
"0 Arkansas Crossing","Jincheng"
"384 Lindbergh Trail","Ehu"
"3 Pine View Point","Sulo"
"0364 Kings Pass","Xilin"
"2989 Goodland Trail","San Rafael"
"3120 Scofield Lane","Lincoln"
"2037 Schurz Center","San Isidro de Lules"
"9 Tennessee Drive","Ussuriysk"
"00793 Mcguire Circle","Oyabe"
"80 Graedel Junction","QaxbaÅŸ"
"956 Mifflin Way","Jackson"
"7590 Service Pass","DuraykÄ«sh"
"30 Moland Park","Mengcheng Chengguanzhen"
"22772 Commercial Junction","Novalja"
"85922 Gerald Lane","Limoeiro do Norte"
"331 Little Fleur Way","Sankeng"
"3610 Sauthoff Pass","Novobiryusinskiy"
"66537 Prairie Rose Drive","Sishiba"
"1686 Almo Road","MouzÃ¡ki"
"5105 Towne Trail","Tanbu"
"56 Sutherland Way","Amgalang"
"36585 Roth Trail","Partille"
"725 Kropf Road","OsÃ³rio"
"52579 Mesta Place","Lubniewice"
"76 Paget Point","Tulle"
"97 North Plaza","Sumeng"
"847 Hoffman Place","Sumeng"
"00618 Chinook Avenue","Libenge"
"1467 Valley Edge Street","Å ardice"
"47 5th Terrace","RÃ®ÅŸcani"
"8952 Comanche Way","Pirapo"
"78 Farmco Park","Ramonâ€™"
"5 Hollow Ridge Lane","AlenÃ§on"
"2 Vera Street","Wujing"
"2183 Eggendart Drive","LuÅ¾ani"
"2 Rockefeller Parkway","Eschweiler"
"0 Anniversary Road","Ancasti"
"10 Jana Park","Araguaiana"
"5 Vidon Avenue","Loanda"
"1269 Old Shore Crossing","SÃ£o Bento"
"39752 Marquette Avenue","Kuala Lumpur"
"85418 Petterle Hill","Las Animas"
"216 Chive Court","PruszkÃ³w"
"8 Grover Plaza","Kertapura"
"29 Butterfield Parkway","Dawei"
"893 Hayes Drive","Xuebu"
"26 Sachtjen Park","Vilar"
"3613 Bay Terrace","Yongfeng"
"72 Clove Road","Villa Nueva"
"869 Texas Junction","HÃ¼remt"
"397 Calypso Hill","San Jose"
"0 Dakota Road","Buni Yadi"
"24409 Valley Edge Lane","BoÅ™itov"
"98 Springs Hill","Sucun"
"18353 Gina Drive","SpÃ¥nga"
"0796 Colorado Drive","Povedniki"
"22 Oxford Terrace","Wencheng"
"98805 Leroy Street","Vera"
"95 Atwood Street","Beauharnois"
"31 Nobel Pass","Kadukaung"
"71 Rigney Court","Bayt â€˜AdhÄqah"
"79 Roxbury Way","Naushahro FÄ«roz"
"6 Hollow Ridge Place","Barkol"
"20 Spohn Road","Monte-Carlo"
"37597 Elka Parkway","AgiÃ¡sos"
"4687 Lakeland Hill","Arboleda"
"645 Lien Parkway","Phu Kradueng"
"76510 Paget Park","Santa Elena"
"4 Shelley Avenue","Sabirabad"
"628 Loomis Center","Nueva Manoa"
"91 Artisan Point","LeÅ¡tina"
"450 Merchant Place","Aston"
"16917 Barnett Place","Daogao"
"4 Hanson Terrace","Otorohanga"
"78448 Independence Trail","Ban Na San"
"92 Vidon Center","NentÃ³n"
"11 Fieldstone Way","Hedian"
"3 Pankratz Point","Adtugan"
"480 Melby Road","Longping"
"71605 Farragut Center","PitomaÄa"
"0289 Del Sol Trail","Å»arki-Letnisko"
"597 Forest Run Lane","ZÅ‚ota"
"6 Iowa Road","HerÃ¡lec"
"9 Burning Wood Street","Arroyo Seco"
"2 Cherokee Hill","Changxi"
"75 Rockefeller Crossing","KÅ­lob"
"0545 South Way","Sanfins"
"70560 Northport Terrace","Banjarjo"
"22769 Maywood Court","Krajan Suco"
"53 Huxley Park","Troyes"
"15281 Fulton Terrace","VrÅ¡ac"
"91 Dapin Court","Tiegai"
"3145 Shopko Avenue","Speightstown"
"326 Prairieview Trail","BeliÅ¡Ä‡e"
"5 Ronald Regan Parkway","Lapas"
"87103 Nobel Terrace","Dongpu"
"567 Elgar Junction","Rendeng"
"8 Loftsgordon Parkway","Nombre de JesÃºs"
"0959 Old Gate Center","Warwick"
"92 Transport Park","Weepanapi"
"1 5th Road","DomanÃ­n"
"660 Westridge Way","Yuxi"
"94368 Paget Point","Wengtian"
"8760 Lindbergh Junction","Molteno"
"0 Walton Avenue","Wolomarang"
"36720 Macpherson Circle","Rechka"
"17286 Cambridge Avenue","Cibetung Dua"
"24784 Coleman Way","Bambor"
"08178 Marcy Street","PurificaciÃ³n"
"27418 Northfield Trail","Gomunice"
"7 Cherokee Plaza","Huimin"
"85 Scoville Center","VrÅ¡ac"
"2 Anderson Point","Alurbulu"
"07 Armistice Way","LuleÃ¥"
"365 Badeau Circle","Almeirim"
"49573 Hooker Center","ImÄ¡arr"
"4 Kingsford Drive","Xiaji"
"78 Acker Street","Ogod"
"5 Clyde Gallagher Drive","Ipil"
"25 Karstens Place","MalÄrd"
"71 Anthes Point","Sarirejo Satu"
"5 Havey Court","Aquia"
"73 Fisk Parkway","Rizal"
"289 Browning Court","Laojie"
"85307 Kinsman Terrace","Monterrey"
"293 Kingsford Pass","PiastÃ³w"
"4 Sauthoff Parkway","Aseri"
"6745 Mccormick Parkway","Manisi"
"85 Union Circle","Silongin"
"38 Fair Oaks Road","Zhujiang"
"46 Independence Court","Lanxi"
"324 Bunting Parkway","Elele"
"00 Surrey Park","Gap"
"80650 Waubesa Place","Saint-Pierre-des-Corps"
"9399 Becker Court","Songkan"
"0904 Bobwhite Center","Rimbo"
"34 Golden Leaf Junction","Guiuan"
"0 Commercial Avenue","Belo Horizonte"
"38871 Merchant Place","Haz-Zebbug"
"1 Oak Circle","Kurlovo"
"90 Heath Park","Laraos"
"98 Birchwood Way","Zavolzhâ€™ye"
"86436 Ryan Trail","Shalang"
"68955 American Ash Parkway","Patria"
"40 Colorado Court","Zarya"
"3209 Pierstorff Place","MelÃ­ki"
"5769 Maryland Point","Lourdes"
"59 Vermont Pass","Agogo"
"581 Petterle Terrace","Zhangjiaji"
"699 Jana Avenue","Waikambila"
"46580 Ridgeview Circle","Nonoichi"
"3541 Washington Terrace","Birigui"
"9642 Pennsylvania Terrace","Puerto Ayacucho"
"6251 Sage Park","MikulÃ¡Å¡ovice"
"0605 Cody Crossing","Banjar Anyar"
"17 Clove Parkway","Antony"
"51738 Acker Crossing","Qingduizi"
"4220 Novick Crossing","Claveria"
"388 Atwood Center","Galubakul"
"18996 Meadow Vale Road","Tecka"
"75277 Linden Road","Novyy Nekouz"
"3967 Jenifer Court","Kraskino"
"5 Knutson Alley","UrsynÃ³w"
"53660 Granby Crossing","GowarczÃ³w"
"4459 Butterfield Circle","Bira"
"48072 Glendale Center","San Roque"
"899 Vernon Way","Digne-les-Bains"
"298 Nevada Junction","Chunyang"
"97444 Kingsford Center","RÅ«jayb"
"562 Eagle Crest Crossing","Ad Dawá¸©ah"
"8 Grim Center","Kadukandel"
"6 Moose Circle","Rapas"
"3228 Lakeland Pass","Norsborg"
"13425 Moulton Crossing","JardÃ­n AmÃ©rica"
"8554 Homewood Crossing","Estrada"
"0 Red Cloud Junction","Jindayris"
"6448 Main Place","Dacudao"
"1040 Caliangt Crossing","Lugovoy"
"4994 Rieder Lane","Punta de Piedra"
"63 Arizona Court","Even Yehuda"
"09894 Bartelt Court","Banjar Ponggang"
"744 Di Loreto Center","Rzyki"
"86 Southridge Pass","Al MÄlikÄ«yah"
"291 Browning Place","LogroÃ±o"
"1154 Ronald Regan Point","Jiubao"
"788 Waxwing Terrace","Cincinnati"
"94 Pierstorff Place","Tutup"
"4771 Sullivan Center","Pengshi"
"88704 Prairieview Court","PortÃ«z"
"46112 Ridge Oak Parkway","Gonzalo"
"437 Ramsey Road","Ayrihuanca"
"3 Homewood Junction","Ã–rebro"
"48348 Starling Alley","Huaguoshan"
"1459 Briar Crest Street","Umburarameha"
"43 Anderson Terrace","Puerto Madryn"
"65 Dexter Crossing","Presidente Bernardes"
"7 Prairie Rose Drive","OrmoÅ¾"
"20 Randy Parkway","Okrika"
"14704 Lighthouse Bay Point","Neuilly-sur-Seine"
"9421 Lakewood Avenue","Rayside-Balfour"
"08 Stephen Court","Garunggang"
"630 Toban Circle","Cibaregbeg Dua"
"768 Badeau Terrace","Tabio"
"658 Thierer Road","Houxixi"
"298 Debra Crossing","Laka"
"23252 Goodland Center","Hongjiang"
"27 Goodland Avenue","Vranje"
"7 West Road","SirÄhÄ"
"92 Hovde Alley","Kitakata"
"5477 Dorton Park","Ciguna"
"59 Arkansas Street","Cabog"
"640 Hoard Lane","Haunubenak"
"14 Express Road","Marsh Harbour"
"94030 Talmadge Junction","Dongning"
"500 Manitowish Park","Kenamoen"
"0921 Southridge Place","Atawutung"
"4 Oriole Center","Suso"
"723 Butternut Point","Muá¸©radah"
"8 Buell Drive","MichaÅ‚Ã³w-ReginÃ³w"
"5 Bartillon Park","HÃ¤ssleholm"
"94 Fuller Way","Åeba"
"29501 Merrick Park","Dekâ€™emhÄre"
"79645 Troy Drive","Wetzlar"
"46 Dixon Park","JalqamÅ«s"
"996 Loomis Trail","Postira"
"09241 Mifflin Point","Banjar Brahmanabukit"
"475 Village Green Circle","JÃ¶nkÃ¶ping"
"02 Scott Circle","BegowÄla"
"52725 Luster Pass","Cihaur"
"80923 Esker Circle","Ganping"
"2867 Hayes Parkway","Chemal"
"39815 Novick Point","Lugulu"
"451 Del Mar Way","Solec-ZdrÃ³j"
"49698 Caliangt Avenue","SkoÃºtari"
"800 Meadow Vale Lane","Cergy-Pontoise"
"40 Cherokee Parkway","LalÄ«bela"
"2700 Debra Terrace","Pojok"
"7579 Tomscot Point","Chagoda"
"4828 Nevada Center","Cikadu"
"13272 Barby Plaza","El TablÃ³n"
"72 Daystar Drive","Pitogo"
"55643 Huxley Hill","Kotlovka"
"44470 Birchwood Way","St. Catharines"
"26266 Vermont Lane","RÄvar"
"80167 Mifflin Park","Saint-Cloud"
"41649 Dovetail Pass","Xinxing"
"22 Southridge Alley","Sibinal"
"7 Doe Crossing Lane","Baganhilir"
"3 Dryden Lane","Puerto Eldorado"
"4 Cody Crossing","Almeirim"
"44349 Wayridge Street","Mercaderes"
"898 Forster Place","Dawan"
"07731 Thierer Center","Ciparakan"
"00 Schlimgen Circle","Siruma"
"4 Jenna Court","FÃ­lla"
"021 Pine View Pass","Alunda"
"80 Bashford Pass","Krasne"
"99 Hintze Parkway","Pagatan"
"16 Eggendart Hill","Nyinqug"
"9 Mallard Way","Stepove"
"85 Kings Center","Karanganyar"
"54 Clove Way","Changling"
"2609 Fallview Hill","Masuda"
"40 Dunning Point","Demuk"
"971 Hovde Park","SkÃ¡la"
"5 North Center","Zliten"
"11541 Oakridge Alley","Minanga Norte"
"4 Quincy Terrace","Thabazimbi"
"46 Texas Terrace","Ploso"
"7120 Farwell Hill","Shofirkon"
"01 Bayside Hill","Thá»‹ Tráº¥n Váº¡n HÃ "
"1 Pine View Pass","Al Mazraâ€˜ah ash SharqÄ«yah"
"4 Dorton Center","Saari"
"2801 Veith Circle","Baruta"
"0833 Oneill Crossing","SkiÃ¡thos"
"3762 Dwight Hill","Qandala"
"9 Packers Point","Palmas de Monte Alto"
"0 Moose Court","Longyearbyen"
"51843 Corben Center","Timrat"
"275 Beilfuss Lane","Aygek"
"4720 Myrtle Hill","HÃ¶shigiyn-Ar"
"35368 Golf Terrace","Hanyin Chengguanzhen"
"5325 6th Alley","SkÃ¤rholmen"
"0897 Transport Point","Leiden"
"50430 Longview Avenue","Huancapallac"
"8 Bluestem Parkway","Macheke"
"16 Sommers Park","Volâ€™nyy Aul"
"72 Marcy Crossing","Quichuay"
"222 Sunbrook Park","Shagamu"
"3 Lakeland Avenue","Zhanggongmiao"
"2 Hoard Hill","Martaban"
"872 Nova Circle","Huanggexi"
"025 Carey Plaza","CalvÃ£o"
"199 Spaight Place","Georgiyevsk"
"78230 Mayer Road","Sidi Bouzid"
"4 Lake View Center","Anabar"
"41759 West Crossing","Jiuxian"
"02 Mayer Pass","Wabana"
"52768 Eagle Crest Pass","TrÃªs Lagoas"
"2321 Sugar Road","SÃ£o Pedro de Muel"
"8523 Transport Alley","Tieba"
"69267 Vahlen Plaza","Uychi"
"7 Melrose Street","Pedra"
"5441 Westerfield Avenue","Dongkeng"
"2 International Parkway","Sumurber"
"02159 Fuller Court","MislÄ«yah"
"81449 Merchant Park","Ostrowite"
"18 Bashford Way","Los Andes"
"536 Melby Road","Huangshi"
"03435 Express Court","Debesy"
"963 Ridgeview Terrace","San JosÃ© de JÃ¡chal"
"1 Westend Pass","ZambrÃ³w"
"293 Dahle Trail","Tournai"
"211 Texas Plaza","Bitola"
"9 Farmco Trail","Cangkeuteuk Sabrang"
"10 Brentwood Terrace","Castelsarrasin"
"95 Dapin Center","Santa Fe"
"5512 Corben Parkway","Yishan"
"3 Truax Street","Mandaguari"
"30795 Marcy Plaza","ÅŒzu"
"87 Vahlen Junction","Leeuwarden"
"3401 4th Court","Jieyang"
"48 Sloan Drive","Arauca"
"0 Eastlawn Hill","Klagen"
"52 Lakeland Drive","Stari Grad"
"33 Pearson Junction","Toktogul"
"64886 Basil Court","Alukama"
"0636 Roth Trail","Dahe"
"098 Meadow Vale Crossing","Nanjing"
"733 Vera Center","Santa Fe de la Vera Cruz"
"46950 Darwin Hill","Monkayo"
"899 Moulton Center","Hidalgo"
"80743 Burrows Avenue","Xiache"
"4211 Sullivan Center","Denver"
"0 Fremont Hill","á¸¨adÄ«dah"
"2906 Welch Park","Bairro do MargaÃ§a"
"7389 Reindahl Road","Phaya Thai"
"8 Starling Avenue","JurÅ¡inci"
"70 Pepper Wood Place","Nigel"
"4086 3rd Crossing","Askim"
"5411 Cordelia Crossing","DÃ¼sseldorf"
"175 Derek Center","Orange"
"906 Hauk Drive","Seattle"
"076 5th Trail","Katipunan"
"078 Nova Crossing","Oliveirinha"
"6 Badeau Drive","Parrsboro"
"47 Cottonwood Drive","Basel"
"4 Moulton Drive","Banaran"
"312 Alpine Junction","RÃ¶nninge"
"1 Mallory Park","KlÃ¡Å¡ter"
"759 Dahle Drive","Barusuda"
"5 Stone Corner Hill","Salâ€™sk"
"969 Esch Lane","Orange Farm"
"4 Donald Junction","MarÃ­na"
"43068 Summerview Park","Tonga"
"8 Westridge Drive","Beiquan"
"62 Elka Drive","Mili"
"73 Coolidge Park","El Suyatal"
"69592 Division Drive","Pueblo Nuevo"
"00196 Dunning Avenue","Chaem Luang"
"1 Hintze Alley","Lyon"
"0 Carpenter Center","Saguiaran"
"11525 Norway Maple Lane","Brahin"
"975 Vera Road","Rosh Pinna"
"77437 Artisan Plaza","Nangang"
"2 Erie Avenue","SÃ¶derhamn"
"331 Anhalt Parkway","Ongjin"
"550 Hoard Terrace","Wysoka"
"0438 Talmadge Circle","Novocherkassk"
"4 Russell Park","Orekhovo-Borisovo Severnoye"
"9 Miller Hill","Parachinar"
"8 Gina Park","Pittsburgh"
"334 Crest Line Terrace","CotuÃ­"
"5 Crowley Pass","Biggar"
"40593 Thierer Pass","Monte Novo"
"9 Clarendon Point","Siguinon"
"61477 Montana Circle","Columbeira"
"8 Welch Trail","Chamni"
"39 Summerview Terrace","Xuanhua"
"54443 Algoma Circle","Lyubotyn"
"5673 Rusk Road","Sumurnanjung"
"79 Marcy Junction","Baiyanghe"
"622 Mendota Avenue","Wangxian"
"5229 Dovetail Drive","PawÅ‚osiÃ³w"
"9517 Hanover Crossing","EsÃ©ka"
"1574 Hintze Park","BÃ©thune"
"618 School Junction","Munka-Ljungby"
"263 Bultman Way","Zhongshi"
"4275 Barnett Junction","HongwÅn"
"158 Myrtle Point","ArmenokhÃ³rion"
"84 Memorial Point","Gustavsberg"
"9245 Troy Point","Chivilcoy"
"15 Clove Parkway","Barcelona"
"07 4th Plaza","Picoto"
"50 Anniversary Park","Malinovoye Ozero"
"036 Forest Run Road","Landim"
"923 Anthes Junction","Thá»‹ Tráº¥n MÆ°á»ng TÃ¨"
"3 Cardinal Circle","Antanifotsy"
"5 Harper Crossing","SulÄ™cin"
"1 Sutteridge Avenue","Leiria"
"28 Lighthouse Bay Pass","Muhoroni"
"616 Lotheville Circle","Sukacai"
"21 Petterle Point","Quito"
"76531 Ludington Avenue","VidoÅ¡i"
"7 Charing Cross Crossing","YenikÃ¶y"
"4922 Reinke Lane","Potoru"
"872 Portage Trail","ChÄbahÄr"
"28 Dorton Alley","Huangban"
"4 Rowland Drive","Oqtosh"
"96 School Circle","Ambo Village"
"64 3rd Street","Santa Eulalia"
"92 Ridgeway Terrace","Szemud"
"7 Dennis Plaza","Bender"
"095 Bartillon Circle","Groningen"
"2162 Almo Court","Chittagong"
"0008 Towne Drive","La Cruz de Taratara"
"55223 Chive Park","Saint-Maurice"
"40662 Dakota Center","Lowayu"
"04 Dixon Center","Bilajari"
"61 Arapahoe Lane","Manutapen"
"22774 Mallory Parkway","Marintoc"
"0 Waubesa Road","Eindhoven"
"7 Sugar Pass","Furongqiao"
"201 Merry Center","Hecheng"
"18408 Thompson Crossing","NarutÅ"
"0743 Randy Crossing","Sokol"
"63 Merry Crossing","San JosÃ© de las Lajas"
"10 Atwood Way","Pouzauges"
"10645 Bellgrove Crossing","Wysoka StrzyÅ¼owska"
"83 Clove Trail","Dalududalu"
"76104 Division Lane","Aquin"
"689 Dunning Lane","Thá»‹ Tráº¥n Triá»‡u SÆ¡n"
"4798 Fremont Circle","Kondrovo"
"84173 Quincy Terrace","Yuguan"
"02 Meadow Ridge Center","Krajan Pakel"
"263 Declaration Parkway","Åšwinna"
"2 Hudson Hill","Jamban"
"126 Memorial Road","Pierzchnica"
"5 Toban Hill","Kirkland"
"16 Forest Pass","Changcun"
"071 Oriole Street","KrzczonÃ³w"
"89883 Starling Pass","Kirkland Lake"
"3803 Sundown Circle","Deshan"
"49620 Banding Point","Zengtian"
"67 Dapin Circle","RincÃ³n"
"491 Comanche Avenue","Hengshi"
"73 Cottonwood Street","Bezerros"
"83 Kennedy Trail","AmuÃ±gan"
"62 Ridge Oak Junction","Viljakkala"
"676 Judy Street","Radovitskiy"
"0016 Quincy Street","ArkhaÃ­a KÃ³rinthos"
"4719 Golden Leaf Terrace","Koceljeva"
"41162 Anhalt Crossing","Tivat"
"291 Calypso Trail","Pak Thong Chai"
"3798 Clemons Park","Chynadiyovo"
"0938 Arizona Terrace","Tochigi"
"97898 Caliangt Park","MakrychÃ³ri"
"232 Steensland Crossing","Fenglin"
"662 Burning Wood Hill","Progreso"
"0 Bellgrove Road","Velille"
"77094 Arrowood Circle","Catriel"
"03142 6th Center","Eira da Pedra"
"400 Vermont Lane","Buenlag"
"85275 Algoma Lane","Chutove"
"6 Linden Hill","Pa Mok"
"460 Sachs Circle","Nybro"
"996 Kropf Crossing","Damu"
"1555 Harper Circle","Sanjiao"
"471 Montana Avenue","Pishaj"
"6005 Macpherson Drive","Hualongyan"
"0 Lotheville Plaza","Krajan Suko Kidul"
"2 David Drive","Qarshi"
"984 Mayfield Pass","Rado"
"414 Pearson Junction","AbaetÃ©"
"206 Chive Way","Sumpur Kudus"
"2 Roth Center","Goianira"
"28434 Coolidge Court","CÄƒuÅŸeni"
"89858 Rigney Plaza","Yishui"
"06 Manufacturers Avenue","KivijÃ¤rvi"
"7533 Pleasure Park","Fengping"
"1 Sutteridge Terrace","Dafeng"
"31706 Continental Terrace","Hanjia"
"909 Pepper Wood Parkway","TrÃªs de Maio"
"15244 Melody Trail","Shaxi"
"9210 Marcy Parkway","Strasbourg"
"080 Shasta Alley","Ar RamÄá¸‘Ä«n"
"14 Mesta Plaza","Cervantes"
"236 Sundown Avenue","Gerong"
"0957 Moose Plaza","Katoro"
"83 Dottie Circle","Al Fujayrah"
"37 Banding Place","Santa Cruz"
"4748 Hoard Parkway","PÅ­rvomaytsi"
"93277 Larry Circle","Masaran"
"8325 Monica Way","Dadu"
"40 Clemons Pass","Cabrero"
"02 Ludington Junction","Purwa"
"05 Union Trail","KalÄt"
"228 Hovde Road","Kozhva"
"9 Springs Court","Salvacion"
"66 Burrows Parkway","Victoria Falls"
"5129 Porter Circle","Ziguinchor"
"8489 Fallview Plaza","Motala"
"694 Clove Drive","MalÃ© SvatoÅˆovice"
"020 Mitchell Circle","Sincelejo"
"06587 Stoughton Road","Ciburial"
"2963 Continental Court","Mulan"
"5 Messerschmidt Center","Auxerre"
"2 Rieder Center","Kotaagung"
"99 Arapahoe Trail","Torino"
"5071 Burning Wood Plaza","Neuilly-sur-Seine"
"1634 Holmberg Parkway","Nangahale"
"92961 Oneill Avenue","Garajati"
"08454 Summit Street","HÄla"
"484 Straubel Way","Xihe"
"2 Hauk Center","Kirzhach"
"65 Macpherson Road","FacatativÃ¡"
"4 Luster Pass","Wuhe Chengguanzhen"
"482 Manufacturers Way","Erenhot"
"9 Pleasure Lane","San Isidro"
"25127 Lien Point","Longwei"
"46 Vermont Street","Rio Covo"
"75807 Forest Road","Norsborg"
"296 Transport Trail","JÅ«rat ash Shamâ€˜ah"
"700 Rieder Hill","Gharyan"
"1 Hauk Way","Baisha"
"537 Glendale Junction","Matsubara"
"771 Carioca Center","Ambatondrazaka"
"43 Killdeer Alley","Paris La DÃ©fense"
"53923 Florence Drive","Domalanoan"
"4062 Straubel Way","Krandil"
"76030 Gale Hill","Marbel"
"2 Goodland Drive","Bhunya"
"0597 Carioca Junction","Lyubar"
"10 Rutledge Lane","Wuluquele"
"10079 Summit Hill","Tumauini"
"9084 Eggendart Avenue","Kuwumkumambal"
"5 Daystar Trail","Pianbai"
"602 2nd Street","Tiechanggou"
"845 Mitchell Court","Fushan"
"3703 Oak Valley Street","Junik"
"2 Almo Place","Windsor"
"380 Haas Parkway","Ilha Solteira"
"0 Brentwood Hill","Terra ChÃ£"
"99 Dottie Trail","Pomacocha"
"00941 Vernon Center","Loa Janan"
"6 Monument Alley","Nantes"
"6470 Sutteridge Hill","Wanzhi"
"6 Glacier Hill Court","Sheshan"
"32123 Miller Place","BÄ›lÃ¡ pod BezdÄ›zem"
"21 Milwaukee Hill","Ã„lvsbyn"
"2203 La Follette Center","Chunjing"
"34468 Westport Park","PoÅ‚ajewo"
"061 Bowman Park","Xiangshui"
"0 Londonderry Hill","Khyzy"
"979 Blue Bill Park Point","Murzuq"
"4394 Golf Course Circle","Zekou"
"35 Derek Alley","Karaundi"
"393 Corben Junction","Povedniki"
"19440 Pawling Parkway","Lebedyn"
"44231 Ludington Park","Sendai"
"7954 Morningstar Drive","Changâ€™an"
"0839 Pennsylvania Drive","Milwaukee"
"52 Shasta Drive","Casais de Revelhos"
"58 Doe Crossing Drive","Sosnovyy Bor"
"97 Stephen Plaza","DÅ‚ugosiodÅ‚o"
"0070 Vidon Point","TÃ­lisos"
"66 North Parkway","Songhae"
"1625 Loomis Place","Dongchong"
"163 Orin Point","Nine"
"740 Bultman Plaza","Xinle"
"51 Merrick Place","Wichita"
"43226 Shopko Junction","Hamilton"
"39 Dapin Terrace","TopolnÃ¡"
"38 Sugar Point","Hetan"
"52 Riverside Park","Kadusirung Hilir"
"3 Twin Pines Avenue","Upper San Mateo"
"2 Portage Lane","Puputan"
"29 Beilfuss Street","CriaÃ§Ã£o Velha"
"62 Myrtle Terrace","Akure"
"280 Warrior Court","Zator"
"4663 Roth Junction","Shostka"
"45408 Kipling Plaza","Hiseti"
"502 Hoard Circle","Bakovci"
"013 Haas Parkway","ItanhaÃ©m"
"5 Fisk Place","Tegina"
"682 Kropf Terrace","SÃ¶lvesborg"
"66991 Texas Circle","Saint-Denis"
"8 Sullivan Alley","Prozor"
"8 Fulton Lane","PindarÃ© Mirim"
"674 Spohn Terrace","Alqueva"
"4 Caliangt Park","Chvaletice"
"951 Spaight Center","Libenge"
"93 Hovde Hill","MarÃ­a la Baja"
"92 Glendale Junction","PÃ¡pa"
"23565 Talisman Center","La Salud"
"6376 Montana Park","MounlapamÃ´k"
"61378 Gina Pass","Kostyantynivka"
"9042 8th Way","TeÅ¡anj"
"15759 Dryden Hill","Castillos"
"27 Goodland Park","Karlobag"
"7983 Sutteridge Hill","Sanchang"
"4 Schmedeman Place","Podkumskiy"
"6843 Sloan Lane","Amsterdam Oud Zuid en Rivierenbuurt"
"272 Delladonna Alley","Waihai"
"78406 Bay Parkway","Lentisqueira"
"9452 Ridgeview Pass","Madison"
"1 Mandrake Drive","Korop"
"4 Farwell Pass","Coromoro"
"81442 Monica Park","Noen Maprang"
"7376 Logan Point","Obâ€™"
"6 Jenna Road","Benjamin Constant"
"13053 Pawling Way","Al QuÅ£ayfah"
"5639 Meadow Valley Crossing","Dasanlian Lauk"
"35706 Birchwood Terrace","OstruÅ¾nica"
"49 Annamark Street","Sepatan"
"02932 Shopko Avenue","BÃ«rxull"
"7753 Starling Hill","Sriwing"
"60808 Saint Paul Parkway","Panitan"
"6287 Melby Park","Hefu"
"2 Nobel Point","AbÅ« MÅ«sÄ"
"0 Marquette Drive","Poligny"
"81636 Scott Point","Katori-shi"
"01 Quincy Alley","Abreus"
"4 Heffernan Avenue","Wansheng"
"95 Village Trail","Sonina"
"7 Hayes Way","Xinxu"
"62842 Hintze Park","Yiyang"
"3179 5th Pass","Wuyahe"
"02 Fairfield Plaza","IracemÃ¡polis"
"847 Schurz Circle","Grazhdanskoye"
"117 Fairfield Crossing","Gary"
"50616 Cottonwood Place","Dongyong"
"8866 Northfield Way","Kosino"
"399 Service Street","San Juan Pueblo"
"26 Fisk Parkway","Yubilyeyny"
"623 Namekagon Park","Muarabuliti"
"594 Judy Hill","Tugulym"
"4100 Marcy Pass","Agrela"
"54 Mcbride Alley","Yanaul"
"3529 Pond Drive","La Rochelle"
"5889 Melrose Alley","Mosteiros"
"826 Linden Terrace","Tsagaan-Ovoo"
"81884 Mcguire Parkway","Baoquanshan"
"959 Thackeray Alley","Yantian"
"43 Pleasure Hill","Daliuhang"
"066 Blue Bill Park Terrace","Talisay"
"74 Kedzie Road","Garoua BoulaÃ¯"
"3 Talmadge Circle","Maliang"
"4 Union Point","Pagsabangan"
"8 Fair Oaks Plaza","Colares"
"20 Transport Hill","Borehbangle"
"61 Homewood Way","Jiusi"
"55 Meadow Vale Drive","Kampen (Overijssel)"
"751 Menomonie Circle","Lagunillas"
"95 Tony Street","San Guillermo"
"3 Truax Point","PolykÃ¡rpi"
"0 Glendale Avenue","Tippi"
"6757 Burning Wood Circle","Ljubno ob Savinji"
"2880 Elmside Lane","HÃ¶vsan"
"90 Browning Point","Arrentela"
"874 Almo Alley","á¸¨arf al Musaytirah"
"80463 Oakridge Center","Wilczyce"
"60 Swallow Pass","Cacocum"
"5383 Mccormick Circle","La Roche-sur-Yon"
"29 Hollow Ridge Lane","Chicago"
"21274 Gulseth Alley","WÅ‚ocÅ‚awek"
"5 Cardinal Junction","Surup"
"5719 Mifflin Junction","Shwebo"
"849 Debs Plaza","Kamenjane"
"144 Roth Center","Xia Dawo"
"9 Twin Pines Terrace","Manticao"
"8549 Mendota Pass","Zherdevka"
"0 Summerview Parkway","HacÄ± Zeynalabdin"
"74 Helena Place","SamÄlÅ«Å£"
"7682 Manley Avenue","Nahuo"
"7 Declaration Court","Zhenzhushan"
"3 Valley Edge Alley","Rizhao"
"3 Fairfield Lane","Prosvet"
"6 Clove Center","Shancheng"
"19912 Superior Crossing","Phatthalung"
"17 Weeping Birch Pass","Dallas"
"23 Quincy Park","PÃ´sto Fiscal Rolim de Moura"
"49556 6th Drive","Las Sabanas"
"8740 Nova Pass","Mikhaylovka"
"2464 Hallows Street","Garko"
"883 Gateway Center","â€˜Afak"
"05 Cody Pass","Santong"
"63 Prentice Lane","Vyksa"
"201 David Plaza","Rtishchevo"
"549 Hauk Center","Agen"
"3 Hansons Court","Suzano"
"35 Dorton Avenue","Montgomery"
"1 Carberry Avenue","Cangkringan"
"03648 Forster Point","Fantino"
"12 Hauk Plaza","Budapest"
"60 Moose Alley","Luangwa"
"7728 Doe Crossing Place","Cervantes"
"10805 Banding Parkway","Pulau Pinang"
"9 Waywood Crossing","PalaiÃ³chora"
"8814 Mandrake Terrace","Yangwei"
"65177 Forster Park","Wuluhan"
"90977 North Trail","Bouna"
"40681 Karstens Drive","Amboanjo"
"737 West Lane","PÅ™edmÄ›Å™ice nad Labem"
"46588 Mallory Court","Miyoshi"
"52800 Valley Edge Alley","Tsalgar"
"4 Ludington Lane","Ngelak"
"18816 Weeping Birch Park","Dom Pedrito"
"5571 Bluestem Junction","Pai do Vento"
"18 Dovetail Place","Tangcun"
"0 Petterle Plaza","Pashiya"
"803 Lillian Alley","Ghauspur"
"0 Banding Pass","Al Maá¸©jal"
"47063 Monument Drive","Jolo"
"6 Shopko Junction","Vyatskiye Polyany"
"282 Manufacturers Drive","Buenos Aires"
"05 Esker Way","Tsimasham"
"4 Crest Line Way","Oslo"
"56 Pearson Crossing","Wilkes Barre"
"5863 Old Gate Court","Astghadzor"
"7035 Park Meadow Way","Otuzco"
"71 Green Road","Tangjian"
"5152 Iowa Pass","Gurâ€™yevsk"
"0 Bashford Point","Zhob"
"991 Rutledge Hill","Ciroyom"
"981 Brentwood Plaza","Bilice"
"6870 Sundown Court","Kalangan"
"8377 Park Meadow Park","Mocajuba"
"5 Ryan Plaza","Feitoria"
"59654 Debs Park","Shuyuan"
"31536 Moose Parkway","Woerden"
"87 Waubesa Plaza","Zhixia"
"12 Garrison Way","Bulembu"
"90 Quincy Plaza","Tunduma"
"31364 Milwaukee Street","Guangping"
"5094 Fisk Point","Kafir Qala"
"4 Blue Bill Park Plaza","Mandalt"
"8842 Boyd Center","Palkino"
"86 Rutledge Place","Hanghuadian"
"7 Norway Maple Pass","LordegÄn"
"6411 Amoth Avenue","Luoâ€™ao"
"581 Commercial Way","Waina"
"7599 Ludington Hill","Xindai"
"14 Union Avenue","Chayek"
"9 American Crossing","Stockholm"
"6402 Del Sol Road","Verdizela"
"183 New Castle Center","Aá¸‘ á¸ilâ€˜"
"7 Helena Trail","Banjar Peguyangan"
"77905 Granby Way","NÄ«ca"
"0271 Calypso Alley","Herby"
"721 Armistice Park","Asarum"
"7 Dakota Street","Wenping"
"3383 Forster Way","Pryluky"
"10 Division Park","Valday"
"618 Monument Hill","Nossa Senhora da GlÃ³ria"
"8426 Springs Point","Malabar"
"976 Heffernan Parkway","Gaibei"
"20512 Aberg Circle","Neikeng"
"7872 Harper Hill","Sadananya"
"1 Waxwing Alley","Bulongji"
"01 Farmco Drive","Jutrosin"
"905 Montana Way","Usab"
"680 Oneill Street","Strasbourg"
"7786 Forest Run Terrace","Hudong"
"41773 Rockefeller Circle","Nelson"
"5 Dottie Point","Mendeleyevskiy"
"1352 Rusk Way","Changning"
"44 Mockingbird Center","Yangchengzhuang"
"25192 Vermont Pass","Lamut"
"478 Rutledge Way","Chicago"
"78 Erie Plaza","Cincinnati"
"278 Crescent Oaks Pass","Beicang"
"1888 Lake View Parkway","Pajala"
"384 Talisman Drive","Issy-les-Moulineaux"
"9 Miller Junction","Bochum"
"59 Clarendon Road","NhÃ  BÃ¨"
"556 Forster Junction","Cibeureum Satu"
"2 1st Circle","Norfolk County"
"88986 Bonner Road","Chikwawa"
"2 Portage Lane","Krajan"
"89 Algoma Terrace","Iberia"
"8 Kipling Drive","Ban Na San"
"96786 Corry Point","Ughelli"
"4898 Marcy Road","Huangling"
"2 Roth Avenue","Trebisht-MuÃ§inÃ«"
"577 Lindbergh Junction","Qikeshu"
"309 Caliangt Lane","Lusk"
"12 North Place","Villefranche-sur-SaÃ´ne"
"822 Shoshone Parkway","San Nicolas"
"9489 Gale Junction","Stockholm"
"11199 Almo Park","Memaliaj"
"61667 Delladonna Lane","Lyon"
"69 Melvin Lane","Newton"
"77991 Hallows Hill","PÃ©rama"
"335 David Circle","Tujing"
"3 Vahlen Parkway","ÄŒair"
"78 Southridge Point","Kurmanayevka"
"8 Bartelt Avenue","Sagbayan"
"937 Westerfield Street","Lingcheng"
"46746 Forest Run Junction","Matsushima"
"978 Dryden Center","Menol"
"96817 Service Alley","Masebewa"
"9 Oriole Park","Al á¸¨Äá¸‘ir"
"95440 Evergreen Point","Truskolasy"
"62 Quincy Park","Sebina"
"20 Grover Point","HaveliÄn"
"2714 Jay Lane","DolnÃ­ Lhota"
"245 Schlimgen Plaza","Chemnitz"
"76 Vermont Junction","Den Haag"
"3609 Oak Point","Leramatang"
"135 Arkansas Lane","FÃ¡tima"
"044 Lotheville Junction","VÃ³nitsa"
"00 Crescent Oaks Court","Faro"
"85 Novick Lane","Assiniboia"
"21085 Forest Run Place","Turrialba"
"6933 Superior Pass","Lacabamba"
"07 Debs Point","Blois"
"7570 Hazelcrest Point","Bajiazi"
"419 Jana Place","Palon"
"2 Farwell Way","Toutosa"
"627 Meadow Valley Junction","Mandesan"
"0 Sloan Plaza","HienghÃ¨ne"
"72801 Maryland Trail","Abelheira"
"442 Del Mar Plaza","Hoima"
"22 Vernon Road","Camperdown"
"1 High Crossing Avenue","Dolna Banjica"
"506 Bayside Park","Baoâ€™an"
"50330 Lillian Pass","Ingenio La Esperanza"
"6514 Luster Court","Leskovac"
"8051 Spaight Plaza","Oneop"
"264 Darwin Drive","Shicang"
"34 Swallow Avenue","Pasirnangka"
"507 Vahlen Alley","ZbytkÃ³w"
"4371 Pepper Wood Way","Sioux Falls"
"3 Twin Pines Point","Tlumach"
"9577 Butternut Drive","Fonte Boa"
"6 Aberg Road","Bakung Utara"
"6046 Mifflin Alley","Lai CÃ¡ch"
"552 Ramsey Street","Jenzan"
"725 Springs Avenue","Padre Nabeto"
"8 Oak Plaza","SchÃ¤ffern"
"14 Kim Point","Novolugovoye"
"1 Bobwhite Circle","MÄkÅ«"
"239 Stuart Junction","Sumberwaru"
"22 Towne Trail","Noveleta"
"6 Prairie Rose Center","Huicheng"
"021 Dennis Point","Halle"
"2895 Lerdahl Road","Damiao"
"47 Lillian Avenue","Huomachong"
"8 Dwight Avenue","Energeticheskiy"
"34139 Almo Road","KidriÄevo"
"129 Summer Ridge Parkway","Pignon"
"2 Dorton Avenue","Hola Prystanâ€™"
"6 Surrey Plaza","Kissidougou"
"001 Stang Court","Ruse"
"98583 Emmet Road","Yunga"
"36548 8th Alley","Graz"
"214 Shopko Point","Sorodot"
"52 Summer Ridge Court","Avignon"
"0388 Corry Street","Zhaitou"
"53 Monument Terrace","Kiukasen"
"575 Texas Alley","Shataping"
"34 Kedzie Hill","Dolati"
"94829 Harper Crossing","Pogonsili"
"161 Hayes Parkway","Newlands"
"6 Mitchell Lane","Kalvola"
"146 Scoville Place","Dois Vizinhos"
"23 Mockingbird Pass","Yangji"
"1603 Oak Hill","Prroshyan"
"424 Monterey Alley","Le Cannet"
"3 Schlimgen Center","President Roxas"
"57 Johnson Plaza","Harderwijk"
"537 Goodland Alley","Jiangkou"
"78456 Anderson Center","Szprotawa"
"9 Farragut Center","San Juan"
"67534 Hintze Court","San Isidro"
"5220 Dakota Avenue","Lyakhovtsy"
"3714 Park Meadow Pass","Zhongxing"
"83 Main Parkway","Hanna"
"4744 Atwood Junction","Cairo"
"4241 Farwell Street","PalaiochÃ³ri"
"5407 Upham Junction","Nicosia"
"52 Sundown Point","Å¢alkhÄ"
"85362 1st Point","Kamennyye Potoki"
"62856 Vera Hill","Jiexiu"
"0 Corscot Road","Ãgios TÃ½chon"
"717 Hoepker Avenue","Sevlievo"
"5 Schurz Plaza","Velykoploske"
"09 Westerfield Street","Orsay"
"33 Westend Trail","BanÄ« Zayd"
"7716 Packers Lane","Pamakayo"
"57 Hudson Park","Hudai"
"74610 Drewry Trail","Mariara"
"1 Pearson Parkway","Zhengyu"
"227 Sherman Crossing","Paris 19"
"11172 Oneill Street","Benhao"
"7277 Service Avenue","ConceiÃ§Ã£o do CoitÃ©"
"52 David Road","Nabire"
"5382 Rockefeller Point","Xufu"
"91279 Sutteridge Place","Vale de Mendiz"
"7 Warrior Center","Longping"
"91807 Dorton Crossing","Cambanugoy"
"88 Maple Wood Place","Takaoka"
"9 Grim Lane","Zhiryatino"
"07 Banding Drive","JbaÃ¯l"
"903 Vera Alley","Bohdalov"
"5 Tennessee Trail","Ozalj"
"5 Sheridan Avenue","Akron"
"89677 Doe Crossing Trail","Oslo"
"9960 Johnson Way","Aradac"
"4 Algoma Street","Callao"
"02230 Farmco Parkway","Vide"
"59 Waxwing Point","Stepnogorsk"
"8 Knutson Parkway","Bairro do MargaÃ§a"
"39717 Pierstorff Terrace","Darwin"
"7 Montana Street","Champaign"
"54957 Bayside Crossing","Bacem"
"89338 Eliot Point","Tangerang"
"05894 Talisman Way","Huangshi"
"210 Homewood Court","Al BawÄ«Å£Ä«"
"713 Talisman Court","Shymkent"
"6 Granby Terrace","Umm as SÄhik"
"8 Carpenter Circle","Barajevo"
"66 Hagan Terrace","KÃ¶ping"
"7188 Lerdahl Road","VÃ¤stra FrÃ¶lunda"
"4402 Bashford Drive","El Dividive"
"551 Main Center","Ringinagung"
"7687 Everett Pass","Runan"
"4630 Blue Bill Park Court","Qijiang"
"2 Blaine Park","Huaping"
"7711 Banding Drive","Yinjiacheng"
"80392 Muir Parkway","Zhangaqorghan"
"477 Hooker Pass","Sanpai"
"0 Elka Way","KrzczonÃ³w"
"30 Bunker Hill Alley","TÄybÄd"
"88971 6th Junction","Fengshan"
"72352 Rusk Junction","Kadubincarung"
"3944 Kim Crossing","Aygezard"
"209 Portage Road","Sobeok"
"3472 Novick Center","Banaba"
"8 Heath Street","Tariji"
"60246 Eggendart Way","Ljungby"
"546 Park Meadow Street","Yangxi"
"89 Bellgrove Avenue","Cahors"
"5765 Northland Trail","Yujiaâ€™ao"
"8043 Loeprich Terrace","BahÃ­a Honda"
"45 Elmside Crossing","Campamento"
"8 Vermont Hill","Hexi"
"3 Warner Crossing","A Yun Pa"
"7 Swallow Street","Banjarejo"
"54726 North Street","Saposoa"
"100 Grover Plaza","Aberdeen"
"8 Kinsman Trail","Richard-Toll"
"3244 Stoughton Trail","Shanghu"
"39093 Mccormick Court","Xinyuan"
"49391 Del Mar Way","Eskilstuna"
"5152 Homewood Drive","Niaohe"
"5 Spenser Center","Devon"
"3137 Nelson Hill","Ãnfias"
"632 Alpine Parkway","Ghouazi"
"48 Quincy Trail","Jiancha"
"76 Swallow Road","Kalianyar Selatan"
"91309 Pankratz Center","Villa Allende"
"01 Wayridge Hill","Douentza"
"8 Lien Plaza","Yulin"
"6176 Havey Pass","Tandayag"
"00137 Merry Place","NÄ«kÃªh"
"29462 Charing Cross Parkway","TirhanimÃ®ne"
"029 Sunbrook Drive","Redon"
"475 Eastwood Court","Romans-sur-IsÃ¨re"
"386 Roxbury Avenue","Kommunar"
"868 Bowman Place","Niigata-shi"
"301 Merry Terrace","Girijaya"
"2931 Gerald Junction","Ballinroad"
"092 Scott Park","Kuala Terengganu"
"24 Prairieview Plaza","Kaduheuleut"
"6 Vermont Plaza","Chicago"
"24339 Judy Point","Ancol"
"5 Carpenter Hill","Asan"
"23041 Green Ridge Crossing","Sulkava"
"215 Gulseth Hill","Wukari"
"4 Rockefeller Point","Zhaolingpu"
"306 Leroy Parkway","Ili"
"01 Lighthouse Bay Point","Partido"
"42568 Shopko Terrace","Yongqin"
"8150 Reinke Park","Thika"
"45086 Karstens Place","Monte"
"954 Michigan Crossing","Bogorame"
"7544 Anhalt Park","Tanudan"
"8389 Sundown Center","JastrzÄ™bia GÃ³ra"
"3714 Duke Point","Novikovo"
"465 Morrow Way","Tanjiaqiao"
"2440 Mayer Alley","PrzystajÅ„"
"240 Novick Court","Huangmu"
"01686 Roxbury Lane","Kumla"
"64620 Myrtle Park","Tando JÄm"
"64933 Bellgrove Alley","Gereykhanovskoye"
"0 Village Trail","Wanjia"
"6689 Kropf Junction","KolindrÃ³s"
"432 Golden Leaf Park","Ipoh"
"93 Bellgrove Place","MakrochÃ³ri"
"26 Spaight Crossing","Comapa"
"1 Elgar Lane","Luoyuan"
"743 Farwell Point","Sukpak"
"81 Hanover Road","Ostrov"
"0776 Fair Oaks Way","San Fabian"
"69613 Miller Hill","Syriam"
"609 Donald Pass","Casal do Relvas"
"71 Grim Place","Jambeyan"
"78 Bay Plaza","Ebaye"
"3518 New Castle Drive","Linton"
"95170 Marcy Junction","Brest"
"60 Pearson Terrace","Grecheskoye"
"07140 Clove Crossing","ItaÃºna"
"47 Pankratz Road","Caldelas"
"4161 Randy Park","Acli"
"893 8th Center","Dongâ€™an"
"3114 Dovetail Terrace","Putinci"
"90501 Little Fleur Circle","Had Kourt"
"057 Burrows Point","HeÅ™manÅ¯v MÄ›stec"
"32326 Algoma Avenue","BogotÃ¡"
"2111 Farwell Court","ZaÃ¯o"
"78 Washington Circle","Joroinen"
"43671 7th Alley","Sidi Lamine"
"06 Mifflin Parkway","CouÃ§o"
"496 Hooker Junction","TolÃº"
"9523 Brown Trail","TubualÃ¡"
"6 Lerdahl Hill","Chengzhong"
"647 Cody Point","Sutysky"
"5067 Northport Alley","ChÃ¢lons-en-Champagne"
"98283 Maryland Pass","Trelleborg"
"987 Doe Crossing Trail","Tarogong"
"9 Melrose Alley","BuÃ´n Ma Thuá»™t"
"892 Kingsford Street","Itaporanga"
"4 Green Place","Cabriz"
"9886 Dakota Lane","Magay"
"6114 Claremont Alley","Sakai-nakajima"
"23387 6th Pass","Muá¸©ambal"
"6 Monterey Way","Vinhas"
"261 Dennis Park","Pangligaran"
"6 Iowa Crossing","Rancagadog"
"34297 Clyde Gallagher Drive","Toledo"
"006 Straubel Parkway","Babakankiray"
"7163 Annamark Circle","Beo"
"57998 Logan Lane","Qianzhou"
"4 Buena Vista Court","Lons-le-Saunier"
"55 International Center","Cimanggu"
"617 Crescent Oaks Parkway","Unden"
"35492 Lien Pass","Andilamena"
"642 Cambridge Street","Oslo"
"18 International Alley","Sevilla"
"86094 Melrose Terrace","Wasquehal"
"4331 Anzinger Place","Gludug"
"3012 Declaration Hill","Tambak"
"0008 Village Green Parkway","El Capulin"
"7 Vernon Center","Jiangshan"
"20352 Sunbrook Parkway","Douala"
"3601 Bay Circle","Woto"
"8434 Clarendon Park","Abomey-Calavi"
"721 Kensington Way","Pak Thong Chai"
"0121 Waubesa Terrace","Buenavista"
"56516 Sauthoff Street","PoÅ‚ajewo"
"77325 Artisan Plaza","Calumpang"
"0 Ramsey Plaza","Miskolc"
"394 Mayer Park","Donglai"
"1 Westerfield Place","Isesaki"
"43677 2nd Avenue","SÃ£o Pedro do Estoril"
"9 Di Loreto Drive","Doushan"
"18845 Homewood Plaza","Khawr Maksar"
"02 Leroy Circle","Ustâ€™-Isha"
"312 Kropf Drive","SÃ¶derkÃ¶ping"
"65 Brown Plaza","Cuauhtemoc"
"9267 Fieldstone Alley","BazzÄryah"
"4919 Mandrake Junction","Anguil"
"00140 Rigney Road","Zhenhai"
"1759 Sugar Circle","Asempapak"
"49 Browning Drive","Zhongâ€™an"
"3021 Bartelt Avenue","Dongfeng"
"130 Ohio Junction","Wendengying"
"28749 Reinke Crossing","Miguel Hidalgo"
"61876 Del Sol Hill","Mamedkala"
"0 Grim Alley","Drenova"
"65734 Duke Center","Nacimiento"
"451 Roth Plaza","Linamon"
"31873 Lillian Point","Heshui"
"81434 Wayridge Lane","ZaÃ¯o"
"71 Kropf Road","Malinovskiy"
"517 Waywood Way","Tejakalapa"
"5837 Briar Crest Place","La Punta"
"8585 Elgar Alley","Kamyzyak"
"3 Melody Parkway","Fresnes"
"6 New Castle Trail","Kasturi"
"48361 Tony Crossing","Yangchun"
"9 3rd Center","Ezeiza"
"86 Lillian Terrace","Rodatychi"
"4673 Moulton Point","Lebak"
"4 Superior Street","Lady Frere"
"76286 Katie Junction","Homa Bay"
"132 Thierer Way","Rumelange"
"828 Troy Road","Yakutsk"
"12959 Texas Point","Porsgrunn"
"26 Barnett Court","Sufang"
"4620 Novick Road","Lyaskelya"
"6890 Northwestern Street","Lazaro Cardenas"
"41143 Linden Terrace","Sosnytsya"
"2 Rockefeller Street","Zhaogezhuang"
"536 North Road","Å entjur"
"614 Tomscot Street","Eira Nova"
"442 Dorton Drive","Salcedo"
"48373 Kensington Place","Galleh Manda"
"5 Cardinal Trail","Savranâ€™"
"022 Aberg Alley","Tawangsari"
"3 Evergreen Junction","Castelo"
"2803 Doe Crossing Plaza","Seshcha"
"85878 Park Meadow Way","Sadao"
"6 Cascade Drive","Lethbridge"
"6633 Knutson Way","Sokolnice"
"4015 Schiller Circle","Johogunung"
"21723 Carioca Way","Atocha"
"0165 Barnett Center","Panite"
"37218 Crownhardt Street","VitÃ³ria da Conquista"
"50043 Portage Street","Songhu"
"06089 Hayes Terrace","MÃ­los"
"9 Morrow Avenue","Lepoglava"
"17751 Muir Hill","Pita"
"35 Pennsylvania Hill","Hunkuyi"
"52 Bayside Lane","Pacaembu"
"00004 Hanover Park","Bandar Seri Begawan"
"2 Clyde Gallagher Circle","Hesi"
"94 Fulton Circle","La Fortuna"
"07 Nelson Junction","PÃµlva"
"878 Namekagon Road","Valenciennes"
"7498 Southridge Drive","Lapu-Lapu City"
"107 Johnson Court","Yashalta"
"96 Mitchell Junction","Matou"
"49 Huxley Terrace","Colombes"
"285 Sullivan Center","Starokucherganovka"
"0211 Vernon Terrace","Dabachang"
"1 Miller Alley","DajabÃ³n"
"18 Calypso Parkway","Kalmar"
"3565 Arkansas Road","Charlotte Amalie"
"41 Lawn Crossing","Zhangjiayuan"
"200 Independence Terrace","Pavlovskaya"
"29421 Graceland Hill","Quillabamba"
"2 Coolidge Street","Jardin"
"20 Darwin Junction","Coyah"
"97 Vahlen Place","Enhtal"
"9709 Crest Line Center","TÃ½rnavos"
"8686 Johnson Center","Balidian"
"66 Becker Trail","Baras"
"319 Red Cloud Plaza","TÄrÅ«t"
"21 Butterfield Park","OpatÃ³w"
"56 Wayridge Terrace","Keffi"
"9934 Dakota Alley","Shaami-Yurt"
"406 Laurel Center","Talugtug"
"2794 Aberg Circle","Hamilton"
"52 Steensland Hill","Orlando"
"13379 Gulseth Road","Mingyu"
"30 Kropf Crossing","Bralin"
"2793 Oak Street","Sanshengyuan"
"9 Brown Road","á¸ŽÃ¢nan"
"5896 Surrey Hill","Shuren"
"64832 5th Hill","Sudo"
"4133 Bowman Circle","Cempa"
"0 Eagle Crest Hill","20 de Noviembre"
"7 Haas Pass","Nanyang"
"9805 Holmberg Pass","Jingtou"
"5851 Talisman Pass","Norabatsâ€™"
"4 Cordelia Plaza","Arinos"
"965 Ridge Oak Lane","Kampunganyar"
"6711 Blackbird Court","Oslo"
"8547 Killdeer Pass","Berlin"
"3 John Wall Park","Osiek nad NoteciÄ…"
"72 Swallow Pass","Daphu"
"8 Jana Lane","Rawang"
"197 Eastwood Plaza","Villa Ascasubi"
"39 Bluejay Trail","Utrecht"
"6 Anhalt Center","Gunungputri"
"60 Huxley Avenue","Sinjil"
"8161 Springs Park","Denver"
"58702 Village Way","Kanazawa-shi"
"91934 Laurel Terrace","Xuanhua"
"3 Crest Line Avenue","Habiganj"
"132 Nancy Street","Ketanggungan"
"4 Morning Alley","Turku"
"7480 Crescent Oaks Junction","Abuko"
"68929 Mandrake Parkway","Cikadondongdesa"
"18929 Hoepker Center","Cachan"
"03908 Eggendart Alley","Xinzhan"
"83182 Coleman Junction","Margasana"
"9487 Green Ridge Place","Vaxholm"
"89 Anzinger Junction","Nalsian Norte"
"5086 Continental Center","Poputnaya"
"785 Burning Wood Street","Jihuluntu Sumu"
"30000 Artisan Circle","Haurpanggung"
"1 Burning Wood Place","Calinaoan Malasin"
"21 Dixon Street","Lutun"
"8996 South Road","Madalena"
"30 Fremont Terrace","Hongqi"
"2 Erie Trail","Remolino"
"9725 Armistice Trail","Stockholm"
"9 Kropf Circle","Tabant"
"844 Pankratz Way","Oktyabrâ€™sk"
"847 Old Gate Place","Denyshi"
"03455 Warrior Plaza","Nicosia"
"7307 Eagle Crest Drive","Dangchang Chengguanzhen"
"35 Miller Plaza","Ban Thai Tan"
"955 Gulseth Way","Longtian"
"8 Del Mar Lane","Yangdi"
"86 Trailsway Trail","AcaraÃº"
"87 Lien Junction","Thompson"
"686 Petterle Terrace","Daqiao"
"9 Service Avenue","Gamboula"
"69248 Eastwood Avenue","Purwodadi"
"474 Welch Junction","Omigawa"
"09 Moose Avenue","Dado"
"12529 Old Gate Point","Kostelec nad ÄŒernÃ½mi Lesy"
"668 Monica Drive","Wielki Kack"
"3 Hazelcrest Street","Tylicz"
"5 Brown Court","Rodatychi"
"270 Mccormick Lane","Huanghai"
"54 Dunning Park","San Fernando"
"886 Eliot Center","TalÄ"
"2 David Hill","Manggissari"
"515 Dawn Way","Kotadukuh"
"76137 Fordem Circle","Bello"
"764 Caliangt Lane","Villeneuve-la-Garenne"
"580 Maywood Court","Yichun"
"244 Reindahl Hill","Yuchi"
"33 Westend Street","Wakuya"
"1606 Fremont Crossing","Sanjiangkou"
"659 Hazelcrest Pass","KylmÃ¤koski"
"012 Scott Pass","Ang Thong"
"775 Del Mar Hill","El Cairo"
"4859 Talmadge Circle","Los Mangos"
"96744 Stoughton Street","Pancol"
"3458 Union Park","Sukonolo Krajan"
"798 Briar Crest Court","Albertville"
"25 John Wall Avenue","Quezaltepeque"
"58 Caliangt Crossing","Mabuttal East"
"2291 Harbort Avenue","Novobeysugskaya"
"6 Valley Edge Circle","Engenho"
"0 Fuller Road","CuruzÃº CuatiÃ¡"
"2 Center Pass","Xiping"
"6005 Farragut Circle","Verkhnyaya Toyma"
"93 Quincy Circle","Boketu"
"46 Center Park","Ticaco"
"3663 Hayes Court","Zhulan"
"6 Sachtjen Street","KÃ¸benhavn"
"4 Nevada Pass","Nemuro"
"215 Memorial Court","Zastron"
"200 Anniversary Hill","Seia"
"7877 Bobwhite Hill","Punta Hermosa"
"5704 Sutteridge Pass","ZÅ‚ocieniec"
"6151 Coleman Circle","Gorey"
"05948 Bashford Street","Jiaozuo"
"620 Arapahoe Lane","Cincinnati"
"7 Northwestern Park","Khonj"
"09666 Beilfuss Point","Emiliano Zapata"
"51125 Coleman Road","ZÅ‚ocieniec"
"05 Roth Avenue","Kruisfontein"
"14655 Shopko Park","Fatufaun"
"9314 Jenna Lane","VÄƒn Giang"
"2 Pepper Wood Parkway","Kaom"
"5 Mitchell Crossing","Flores da Cunha"
"94701 Columbus Park","Xiadian"
"39616 Reinke Lane","Mboursou LÃ©rÃ©"
"35 Dexter Parkway","Pointe-Ã -Pitre"
"85086 Chive Way","Wenping"
"22 Monument Circle","Meikeng"
"4823 Village Green Way","Abangay"
"79766 Harper Center","TucuruÃ­"
"2 Riverside Terrace","Palma Gil"
"39942 Donald Terrace","Chlewiska"
"697 Brentwood Place","GyÅ‘r"
"8 Starling Road","Aveleda"
"50290 Beilfuss Alley","SirinhaÃ©m"
"5 Pond Way","Nar'yan-Mar"
"31 Roxbury Alley","Umbulan"
"435 Ridgeway Place","SobotÃ­n"
"82 Rutledge Terrace","Veruela"
"6525 Holy Cross Way","Majia"
"25326 Grim Park","Lawa-an"
"700 Anderson Center","Jiujie"
"0130 Veith Drive","Caluquembe"
"17 Schmedeman Drive","Minante Segundo"
"376 Red Cloud Terrace","Tegalsari"
"93 Dryden Alley","Montargis"
"234 Bowman Center","Tartaro"
"52 Leroy Alley","Zaoshi"
"61360 Steensland Alley","VÃ­lia"
"663 Annamark Pass","Norabatsâ€™"
"79776 Crownhardt Pass","Jadi"
"9565 Fieldstone Parkway","AdiakÃ©"
"46 Lawn Hill","Tomioka"
"5 Johnson Crossing","Binjiang"
"79 Oak Crossing","MikulÃ¡Å¡ovice"
"995 Roxbury Plaza","Chernomorets"
"83073 Vahlen Point","Shengli"
"428 Debra Point","Cabriz"
"79 Garrison Way","Lairoka"
"5 Veith Crossing","Belyayevka"
"102 Graceland Alley","Hakodate"
"1 7th Junction","Isugod"
"53372 Helena Hill","Horana South"
"5 Acker Center","Lijia"
"52123 Bultman Center","Cruz del Eje"
"9 Miller Plaza","Abuko"
"5112 Crescent Oaks Avenue","ChodovÃ¡ PlanÃ¡"
"20774 Pine View Plaza","Cigintung"
"359 Mockingbird Park","Margarita"
"5 Vernon Point","San Cristobal"
"0 Westport Court","Shijiang"
"4 Mallard Terrace","Dongcun"
"7 Eastwood Alley","Lamovita"
"6481 Carberry Plaza","Chandra"
"5 Nova Pass","Campos"
"514 Vidon Circle","Quitilipi"
"7847 Hagan Drive","Yinchuan"
"543 Holy Cross Trail","Mushu"
"0 Esch Hill","Lilla Edet"
"94963 Mesta Plaza","Qagan Obo"
"7 Buena Vista Parkway","HajnÃ³wka"
"379 Surrey Avenue","Badar"
"02 Eliot Place","Songfeng"
"1871 Westridge Junction","Ilâ€™ya"
"8152 Express Point","Pangguang"
"09360 6th Road","Xiaogang"
"20163 Maywood Trail","Mingyihe"
"67 Farwell Park","Cifuentes"
"10625 Waywood Trail","Al ManÅŸÅ«rah"
"9 Holy Cross Lane","Huambo"
"533 Pepper Wood Avenue","Wolmaransstad"
"1296 Nova Trail","Bistrica pri TrÅ¾iÄu"
"91886 Heffernan Place","Rokytnice nad Jizerou"
"981 Pepper Wood Crossing","Buraen"
"2 Anhalt Avenue","Casal"
"462 Maple Alley","Al Buqâ€˜ah"
"0029 Ridge Oak Drive","Wanxian"
"4 Pennsylvania Center","Wydminy"
"0516 Eastwood Avenue","Yangzhong"
"2 Hagan Park","Pasir"
"95 Randy Way","Lymanske"
"86899 Sunbrook Center","Matozinhos"
"964 Tennyson Way","ThÄkurgaon"
"9236 Grasskamp Trail","Chernyanka"
"9232 Pankratz Plaza","Choma"
"0 Sommers Parkway","Barrancas"
"17 Doe Crossing Way","Gorna Oryakhovitsa"
"721 Upham Avenue","TÃ©touan"
"05732 Westport Court","Prinza"
"44824 Waywood Lane","BluÄina"
"4 Village Green Way","Bailuquan"
"9 Hanson Street","Loboniki"
"2232 Packers Hill","La Mohammedia"
"48241 Jenna Pass","Jatiklampok"
"25933 Del Mar Point","KonÄe"
"604 Monica Point","Kretinga"
"103 Gateway Terrace","Zamostochcha"
"319 Southridge Way","Babakansari"
"9 John Wall Plaza","Divo"
"9 Prairieview Place","Tamianglayang"
"2131 Esker Trail","KoroÅ¡ka Bela"
"082 Katie Park","Tymbark"
"596 Milwaukee Street","Nassau"
"53250 Kropf Junction","QuintÃ£es"
"54 Algoma Way","Swift Current"
"7433 Garrison Trail","Orneta"
"5747 Troy Court","Å»ywiec"
"67 Erie Parkway","Bella Vista"
"7707 Clemons Hill","TÃ¤by"
"0 Jay Avenue","GÅ­lÅ­bovo"
"64 Service Parkway","Nouaseur"
"526 Vahlen Alley","Campinas"
"06 Garrison Parkway","Taouloukoult"
"6 Independence Drive","Guagua"
"89 Bunting Junction","Dagu"
"9 Comanche Avenue","Charlotte"
"2 Lien Center","Baishi"
"7 Morrow Crossing","Si Khoraphum"
"34 Vera Lane","Jiayi"
"52 Dahle Street","Citeluk"
"2017 Mayer Terrace","Ingenio La Esperanza"
"2756 Butterfield Park","Villa Nueva"
"5728 Superior Plaza","Lyubinskiy"
"99 Kipling Road","Codrington"
"27781 Kropf Alley","Medvedevo"
"162 Sullivan Road","Masá¸©ah"
"1 Bay Alley","Nielisz"
"9792 Spohn Junction","LidingÃ¶"
"84859 Norway Maple Junction","Botevgrad"
"42 Di Loreto Circle","Stockholm"
"780 Cody Junction","Veracruz"
"5575 Ryan Avenue","Sinyavino"
"244 International Junction","Borik"
"103 Washington Trail","Mayisad"
"022 Utah Center","Duas Igrejas"
"5 Twin Pines Circle","Konkwesso"
"35 Banding Court","Sharan"
"9616 John Wall Park","Tallahassee"
"63 Mallory Place","Kuala Lumpur"
"9 Sycamore Road","Richmond"
"5843 Loeprich Lane","ElÃ¡teia"
"09 Mifflin Place","FÄryÄb"
"9487 Kinsman Court","Kagoro"
"747 Forest Circle","Magrath"
"5 Melody Alley","Ã„lvdalen"
"8513 Prairieview Park","Zgornje Bitnje"
"182 Moulton Avenue","Napenay"
"3 Sachtjen Plaza","Sidi Amar"
"4 Pine View Way","Yashikera"
"87797 Jay Center","Coratatal"
"658 Blackbird Point","Ruyigi"
"0 Hanover Terrace","Qikeshu"
"5 Warrior Terrace","Tongjiang"
"022 Messerschmidt Park","Tercena"
"61 Meadow Vale Parkway","Kampala"
"639 North Pass","San Carlos"
"28 Arrowood Street","Zhangcaizhuang"
"0277 Anniversary Street","Quipot"
"933 Clyde Gallagher Hill","Cherkasskoye"
"079 Leroy Crossing","ThÃ nh Phá»‘ Láº¡ng SÆ¡n"
"3 Amoth Terrace","Jagodnjak"
"7 Vidon Trail","PeÃ±al"
"20 Mosinee Plaza","Tongliao"
"1 Pierstorff Alley","RibeirÃ£o Pires"
"13848 Ruskin Street","San Vicente de Moravia"
"31 Lawn Center","Tunja"
"92 Little Fleur Road","Perlez"
"3 Merchant Park","Oymak"
"35716 5th Terrace","RibeirÃ£o das Neves"
"78013 Longview Alley","Sumberpinang Satu"
"67 Summerview Park","Kadubera"
"94010 Gale Lane","Severnyy"
"305 Arkansas Parkway","Darnah"
"331 Becker Place","Loureiro"
"8 Wayridge Road","Albuera"
"349 Hanover Center","ChÃ¢teauroux"
"11 Talisman Trail","Åšwidwin"
"63 Straubel Pass","Stalowa Wola"
"385 Havey Place","Shibukawa"
"5362 Westerfield Point","Hengelo"
"7 Fieldstone Lane","CarandaÃ­"
"74068 Mcguire Street","Taguisa"
"53 Ilene Lane","Tosno"
"1800 Algoma Plaza","WÄ…pielsk"
"81447 Carpenter Crossing","Ingenio"
"21495 Thackeray Junction","Quinuabamba"
"92897 5th Lane","Umag"
"08 Clove Alley","LaÃ¢youne / El AaiÃºn"
"69 Rigney Terrace","Huasahuasi"
"70899 Grasskamp Road","Sentieiras"
"595 Fordem Way","Dongqiao"
"3 Colorado Center","PerdÃµes"
"2492 Cascade Trail","Allen"
"45902 Summerview Pass","OrlÃ©ans"
"5 Mcguire Street","Changshu City"
"7 Merchant Trail","Bethlehem"
"412 Sage Court","Aurelliana"
"1 Union Pass","Oklahoma City"
"65931 Kedzie Way","Orleans"
"2769 Talisman Place","Kozyatyn"
"944 Old Gate Road","Oenaik"
"80115 Judy Parkway","Guabito"
"0 Gulseth Center","Itapuranga"
"1360 Mockingbird Circle","Mahdishahr"
"40 Burning Wood Pass","ÄŒerÄany"
"25 Spaight Terrace","Primorsk"
"592 Fisk Place","Lamduan"
"988 Rockefeller Pass","Xiaojiangba"
"39609 Spenser Point","Goianira"
"68 Bunker Hill Point","CrÃ©teil"
"9220 Rusk Street","Marbel"
"0181 Brickson Park Drive","Frydrychowice"
"5196 Judy Point","Donglu"
"98785 Coolidge Road","Zadvorsko"
"81621 Victoria Junction","Yasynuvata"
"3 Mockingbird Circle","Rouen"
"223 Petterle Terrace","Safakulevo"
"8958 Hanover Point","Latowicz"
"1 Pierstorff Avenue","Newton"
"58935 Homewood Park","Telhado"
"89964 5th Court","Lubei"
"2445 Mifflin Hill","Resende"
"3869 Upham Pass","GorzÃ³w Wielkopolski"
"5717 Hollow Ridge Road","ApiaÃ­"
"98554 Heffernan Trail","Beya"
"38076 Dexter Point","Desamparados"
"2 Steensland Crossing","Garoua BoulaÃ¯"
"8994 Knutson Crossing","MontrÃ©al-Est"
"04 Bartillon Parkway","Ã–gÃ¶Ã¶mÃ¶r"
"81 American Drive","Duping"
"1 Granby Park","Irvine"
"784 Brown Crossing","ÐÐµÐ³Ð¾Ñ‚Ð¸Ð½Ð¾"
"81050 Hintze Lane","Tuanfeng"
"30 Rowland Trail","Muarabuliti"
"9664 Graceland Alley","Kegeyli Shahar"
"93 Raven Road","La Rochelle"
"21 Ryan Way","Marseille"
"8 Macpherson Drive","La Palma"
"50 Sachs Trail","WesoÅ‚a"
"36863 Fairfield Junction","Shedok"
"6403 Morning Circle","Dumandesa"
"2914 Columbus Crossing","Jincheng"
"3836 Lindbergh Point","Baota"
"1779 Alpine Road","Vales"
"332 Golf View Trail","Foundiougne"
"55256 Eagle Crest Point","Pamanukan"
"8 Cottonwood Crossing","Sawahrandu"
"4703 Victoria Park","El Chol"
"101 Pankratz Circle","Hearst"
"0678 Northridge Alley","Chojnice"
"2 Ridgeview Center","CabeÃ§o de Vide"
"61 Dahle Way","Alcaria da Serra"
"72247 Waubesa Avenue","Khon Buri"
"2916 Gale Park","Liuzhi"
"5461 Hoffman Terrace","Banjar Batanpoh"
"5111 Esch Way","Mubo"
"215 Warner Point","Paradela"
"9614 Melrose Court","Jeding"
"662 La Follette Way","Arevik"
"7435 Rigney Circle","Cartagena"
"33 Birchwood Terrace","Muurame"
"77 Lighthouse Bay Terrace","Valle de Ãngeles"
"7 Summerview Street","Tajur"
"36 Colorado Plaza","BaraguÃ¡"
"77474 Dapin Place","KÃ³nitsa"
"854 Eastwood Trail","Florencio SÃ¡nchez"
"831 Mifflin Parkway","Ãlftanes"
"98452 Vidon Circle","Cabanbanan"
"282 Clove Trail","Kragan"
"12308 Corry Trail","Phra Yuen"
"3262 Northfield Hill","Skopin"
"56 Tomscot Plaza","Sukamaju"
"78960 Forster Trail","Tripoli"
"2 Prentice Drive","Achadinha"
"1375 Grover Pass","Guozhai"
"068 Colorado Alley","Tahe"
"80381 Utah Park","Limoeiro de Anadia"
"14 Kensington Court","Sambongmulyo"
"45 Helena Drive","JucÃ¡s"
"6369 Logan Place","Namibe"
"3307 Shelley Hill","Al â€˜Ä€qir"
"9498 Pennsylvania Hill","Nangang"
"412 Vera Plaza","Al á¸¨ashwah"
"3604 Carioca Plaza","WaÅ›niÃ³w"
"21890 Namekagon Drive","Sidi Lamine"
"76262 Tennyson Drive","Longcheng"
"6399 Scott Pass","Zhifang"
"26 American Plaza","Arevshat"
"4674 Swallow Drive","Bilar"
"3098 Montana Terrace","KoÅ‚aczyce"
"8695 2nd Center","El Paso"
"75768 North Place","Insiza"
"974 Autumn Leaf Avenue","CherÃ«mukhovo"
"2 8th Drive","Longshi"
"116 Caliangt Center","Kayukembang"
"849 Mitchell Junction","Bularit"
"520 Holy Cross Court","ÅžaqÄnis"
"4885 Eastlawn Parkway","Santa Elena de UairÃ©n"
"3 Butterfield Terrace","Cikadu"
"8 Oak Valley Street","Cimrutu"
"604 Weeping Birch Plaza","Menara"
"8503 Brickson Park Court","VÃ©lizy-Villacoublay"
"0049 Cherokee Trail","Orzu"
"55 Forster Crossing","Manta"
"6 Bultman Terrace","Liujiage"
"9 Carioca Alley","Puerto Princesa"
"1922 Dawn Road","Llano Largo"
"6540 Southridge Court","Aganan"
"6735 Bluejay Drive","Akron"
"558 Mendota Alley","Phichai"
"8 Canary Pass","Kotelâ€™va"
"9736 Waubesa Circle","Angol"
"74567 Graedel Terrace","Rosario de Mora"
"6 Lake View Terrace","Antas"
"95007 Summit Junction","Panshi"
"5 Mcbride Crossing","Dubti"
"9625 Clove Trail","Beaune"
"7 Northview Place","Oji River"
"0704 Veith Drive","Okinawa NÃºmero Uno"
"17 Darwin Crossing","Chekmagush"
"0 Maryland Street","Bayeux"
"0 John Wall Crossing","Yasenskaya"
"55 Anzinger Drive","Khartsyzâ€™k"
"894 Acker Road","Nice"
"222 Reinke Drive","Kinnula"
"28016 Mesta Crossing","Novodmitriyevskaya"
"41245 Emmet Court","Shestakovo"
"651 Washington Pass","Stockton"
"74 Sherman Point","Praia de Mira"
"5 Hooker Circle","Xike"
"60777 Declaration Court","Barra"
"609 Southridge Hill","Liangting"
"44319 Londonderry Way","Nangabere"
"55 Weeping Birch Lane","UniÃ³n"
"3276 Division Drive","â€˜AmrÄn"
"52186 Kensington Way","Khagrachhari"
"0 Judy Pass","Kuala Lumpur"
"1 Union Street","BarwaÅ‚d GÃ³rny"
"67382 Manufacturers Place","Sishiba"
"7366 Crownhardt Way","Shekou"
"9 Linden Way","JÄm SÄhib"
"41 Westport Trail","Guaduas"
"35 Messerschmidt Plaza","BoguszÃ³w-Gorce"
"1 Golf Avenue","Belajen"
"553 Green Ridge Junction","MierzÄ™cice"
"66104 Helena Point","Abreu e Lima"
"0 Amoth Junction","Udi"
"1 Del Mar Drive","Medvezhâ€™yegorsk"
"943 Farragut Pass","Smolenka"
"48141 Dawn Hill","General Lavalle"
"28 Carey Avenue","StarÃ¡ HuÅ¥"
"01673 Gina Junction","Soa"
"49189 Vermont Circle","Al Fuwayliq"
"72 Maywood Junction","Gryfino"
"4 Eagan Crossing","Emin"
"51 Ramsey Alley","LudgeÅ™ovice"
"97 Russell Junction","Ashbourne"
"90932 Everett Alley","Ciroyom"
"53 Lighthouse Bay Terrace","Carcassonne"
"89 Linden Parkway","Kebon"
"3170 Browning Street","Samho-rodongjagu"
"22 Rusk Parkway","BorÃ¥s"
"384 Miller Street","Unquillo"
"27517 Dexter Court","DÄ™bnica Kaszubska"
"9 Sloan Street","Berea"
"7316 Nova Avenue","VÃ¤rnamo"
"7660 Westerfield Hill","Cola"
"092 Hauk Center","Tougan"
"6 Farwell Lane","Sacramento"
"277 Union Parkway","Gorodishche"
"0 Sugar Trail","Å abac"
"34 Eagan Trail","Courtaboeuf"
"0853 Vahlen Circle","Sambonggede"
"72 Oriole Drive","Yuekou"
"00646 Troy Hill","Kendari"
"81108 Eagle Crest Terrace","Binalbagan"
"84014 Lindbergh Street","Heemskerk"
"5795 Bunting Terrace","YÅnmu"
"22981 Myrtle Circle","Lepaterique"
"29 Stone Corner Lane","Hanchang"
"3 Fordem Center","Bunirasa"
"0303 Nelson Circle","BaÄki Petrovac"
"10709 Lukken Way","Tchamba"
"242 Logan Park","Xiaoxiang"
"9644 Monterey Point","Åªdalah"
"071 Coolidge Junction","Cimo de Vila"
"67497 Superior Hill","Sosnovka"
"84751 Judy Court","La Argentina"
"969 Merry Hill","Beaumont"
"3997 Thierer Pass","Sakura"
"4965 Talmadge Park","Villaviciosa"
"3599 Pine View Circle","San Antonio"
"9168 Porter Junction","Xichuan"
"33 Sundown Court","SÃ£o TomÃ©"
"76 Spohn Parkway","Puerto Castilla"
"4 Surrey Park","Lashkar GÄh"
"83 Springs Drive","MalÃ¡ Strana"
"347 Northview Center","Darvi"
"535 Moland Drive","El Perico"
"535 Gateway Plaza","Eschweiler"
"454 Blackbird Alley","AknÄ«ste"
"664 Maywood Place","Ouro Preto do Oeste"
"53 Dunning Pass","Anh Son"
"0462 Straubel Court","Pomichna"
"44 Dayton Drive","Trasak"
"0 Manley Terrace","Zunilito"
"0 Holy Cross Court","TimbÃ³"
"48 Shasta Trail","Argenteuil"
"55 Helena Street","Pameungpeuk"
"1 Kipling Parkway","New Cebu"
"142 Stang Lane","Montes Claros"
"57 Annamark Street","Klinan"
"02 Sloan Street","Lubu"
"1 Helena Court","Mabalacat"
"55 Melby Place","Batumi"
"6480 Vera Plaza","JaguariaÃ­va"
"086 Schmedeman Pass","Vale"
"5 Sachs Hill","Pirassununga"
"62 Kenwood Street","Wielka Nieszawka"
"0808 Lake View Plaza","Huangdu"
"78256 Miller Avenue","Sadovo"
"104 Ramsey Way","Chauk"
"91 Blackbird Parkway","Belyy Yar"
"123 Quincy Drive","Syriam"
"257 Stang Way","Yangmaogong"
"4 Buell Street","El Paso"
"02813 Farwell Plaza","Pindorama"
"574 Independence Circle","Longtan"
"282 Russell Drive","Denov"
"42042 Basil Point","Bozhou"
"076 Nevada Center","Xike"
"87230 Oneill Road","Gaoshi"
"445 Springs Parkway","MierzÄ™cice"
"10460 2nd Avenue","Guniushan"
"74771 Lien Avenue","Bouillon"
"57769 Summit Road","QÅ­rghonteppa"
"8259 Loomis Circle","Alurbulu"
"30 Northfield Hill","Paradela"
"7275 Del Mar Plaza","Haumeni"
"738 Hagan Street","Meirinhas"
"8 Truax Point","Shanting"
"5379 Kenwood Junction","BÅ«sh"
"50174 Sherman Drive","Magdalena"
"13 Nevada Park","Goma"
"5 Spohn Way","Limoges"
"32473 Ryan Circle","Ozerki"
"483 Lotheville Terrace","Tuban"
"60077 Clarendon Trail","Pakkat"
"04 Butterfield Hill","Siao"
"2 Hoffman Hill","Cengjia"
"66 Sunnyside Lane","Oklahoma City"
"3652 Nancy Place","Malveira"
"7066 Farragut Trail","TerpsithÃ©a"
"82 Forest Parkway","Sofo-Birnin-Gwari"
"3 Independence Parkway","Heâ€™an"
"131 Hanover Avenue","Pirca"
"60137 Havey Alley","Plumbon"
"4092 Talisman Alley","Zhucun"
"8602 Packers Center","Kisela Voda"
"836 Cardinal Hill","Forquilhinha"
"53 Buhler Hill","Euclides da Cunha"
"614 Logan Junction","Zoumaling"
"5 Mayfield Park","Baddomalhi"
"78 Nova Lane","Tarnowskie GÃ³ry"
"7367 Kingsford Crossing","Youwarou"
"2 Lakewood Drive","Hujiagou"
"599 Warbler Court","Gowurdak"
"6111 Jana Pass","Mahdia"
"552 Onsgard Alley","Mranggen"
"56 Dahle Court","Bondokodi"
"3906 1st Point","Limoges"
"4 Mayer Junction","Santa Rosa"
"9010 Carpenter Junction","Nowa GÃ³ra"
"3 Sachs Way","Chantepie"
"54236 Green Crossing","Newport News"
"4929 Gulseth Court","Zhanggongmiao"
"6899 Doe Crossing Point","LucÃ©"
"000 Schmedeman Alley","Newport News"
"40616 Fieldstone Park","Savonranta"
"67 West Park","Riung"
"5758 Quincy Terrace","DÄ…bie"
"1045 Springview Alley","Los CharrÃºas"
"7 Lakewood Gardens Road","Lille"
"5 Iowa Center","Boulogne-Billancourt"
"187 Springview Street","Wenwuba"
"4633 Ridgeview Road","Al QardÄá¸©ah"
"60 Thompson Point","Placencia"
"02013 Eastlawn Trail","San Antonio"
"59334 Colorado Center","Muzhou"
"64 Kings Point","QarÄwat BanÄ« Zayd"
"66163 Cottonwood Trail","San Juan"
"4 David Park","Dongjin"
"748 Lindbergh Avenue","Catungawan Sur"
"00069 Center Center","Vladikavkaz"
"29 Dahle Trail","Chone"
"9 Westridge Terrace","Al ManÅŸÅ«rah"
"37 Judy Way","Xihu"
"0 Summit Trail","Pavlovsk"
"25881 Carpenter Lane","KahrÄ«z"
"639 Hallows Trail","Nice"
"09264 Onsgard Hill","PtenÃ­"
"09665 Linden Place","Huilong"
"549 Victoria Alley","Suwaru"
"31324 Vidon Plaza","Chisong"
"881 Summit Hill","Tiniguiban"
"625 Jenna Park","Dziergowice"
"686 Bay Hill","Jiangnan"
"050 Fairview Avenue","Kameda-honchÅ"
"17 Stuart Trail","Al Qadarif"
"8 Lotheville Parkway","Sumberjeruk"
"330 Scott Pass","Al Lubban al GharbÄ«"
"36053 Roth Alley","CaÃ±as"
"6039 Doe Crossing Park","Huilongshan"
"3 Dayton Place","Podkumskiy"
"92 Scofield Plaza","Donglinxi"
"2869 Alpine Lane","Petrovskoye"
"08594 Holmberg Hill","Batangafo"
"94 Fremont Drive","Hengdong Chengguanzhen"
"4115 Fairfield Park","Tembol"
"0994 Veith Way","Nyaungdon"
"12228 Dwight Hill","Wanju"
"73 Norway Maple Hill","Nalus"
"95 Erie Junction","Zaragoza"
"112 Northwestern Center","Peishe"
"9 Arrowood Point","Jiayi"
"9 Huxley Park","BhairÄhawÄ"
"8 Twin Pines Point","Vrtojba"
"70 Rieder Court","ArtÃ©mida"
"3280 Sachtjen Junction","Chillia"
"726 Northwestern Terrace","Pitangui"
"3 Del Mar Pass","ZÃ¼rich"
"89029 Farwell Pass","Guanshui"
"07 Lakewood Court","Skhirat"
"1103 Harper Park","Roldanillo"
"475 Prairie Rose Junction","Dabaozi"
"43 Dunning Parkway","Krajanpagowan"
"6952 Briar Crest Road","Burnham"
"46797 Messerschmidt Plaza","Las Varillas"
"6 Lunder Hill","Osiedle-Nowiny"
"2 Melvin Way","Glempang Tengah"
"55778 Superior Point","Poja Nae"
"3871 Talisman Place","Tikhoretsk"
"2 Ryan Avenue","Joliette"
"52 Stang Park","El Pardo"
"596 Ridgeway Circle","Al Nashmah"
"4646 Continental Terrace","Looc"
"20330 American Circle","MarÃ­na"
"72868 Amoth Court","Mirriah"
"9 Derek Lane","GodziszÃ³w Pierwszy"
"47 Bartelt Parkway","MompÃ³s"
"8 Caliangt Trail","Yessentukskaya"
"7199 Farragut Alley","Piracuruca"
"34734 Hudson Pass","ItapagÃ©"
"34614 Manley Avenue","Xiumei"
"6 Park Meadow Crossing","Shaoyang"
"5 Arizona Lane","Mindyak"
"1 Everett Way","Mogotes"
"84710 Londonderry Court","Nivnice"
"7 Linden Pass","GarupÃ¡"
"83369 Laurel Junction","Tianqian"
"6987 Cordelia Hill","Kalidawe"
"13 Dexter Court","Fray Bentos"
"6646 Prairie Rose Street","Houston"
"1887 Stang Park","Tarbes"
"314 Red Cloud Place","Payabon"
"18 Buell Park","Darya Boyi"
"61751 Commercial Hill","Malax"
"241 Warbler Circle","Wangping"
"86400 Crowley Crossing","Saraza"
"7 Everett Hill","Gubin"
"3926 Bellgrove Circle","Paizhou"
"61 Sauthoff Street","Calheta"
"10 Florence Court","Sokolnice"
"5 Hansons Court","Namangan Shahri"
"069 Forest Point","Newport News"
"6 Elka Park","Rangxi"
"4642 Caliangt Trail","DhÄ«bÄ«n"
"17795 Sycamore Pass","Wensu"
"9 Saint Paul Hill","Boavista"
"5 Elka Drive","Liusi"
"094 Banding Trail","Atafu Village"
"99 Carpenter Junction","Xiema"
"0470 Portage Road","Bosanski Brod"
"00317 Graceland Road","Padova"
"29087 Comanche Hill","Sanxi"
"1567 Acker Lane","ÐšÐ¾Ð½Ð´Ð¾Ð²Ð¾"
"4 5th Plaza","Xiaopu"
"1221 Fisk Hill","Montecristi"
"4225 Superior Avenue","Qiwen"
"9 Morrow Way","Antonio Toledo Corro"
"07792 Talisman Park","Masalovka"
"24787 Ruskin Road","Wielgie"
"22553 Paget Street","Vawkavysk"
"1 Hallows Terrace","Dunkerque"
"54553 Ruskin Terrace","Kumba"
"5558 Corry Parkway","Porto Velho"
"1903 Granby Circle","Sukabumi"
"0 Mendota Lane","Zorak"
"19413 Rusk Street","As SuqaylibÄ«yah"
"706 Melby Circle","Hanjiashu"
"4 Fuller Pass","Yonezawa"
"7041 Duke Trail","Liulang"
"69707 Toban Trail","Ã‰vry"
"345 Garrison Circle","Mojokerto"
"4 Pearson Terrace","VelkÃ¡ BÃ­teÅ¡"
"96 Acker Alley","Cerro de Pasco"
"18 School Plaza","Rendian"
"7 Longview Hill","Espargos"
"8051 Muir Hill","Mlalo"
"8 Twin Pines Parkway","Silongin"
"047 Hauk Junction","Korczyna"
"702 Anthes Place","Marseille"
"5 Porter Plaza","Avignon"
"233 Knutson Circle","Basqal"
"36 Canary Place","Chartres"
"403 Delladonna Lane","Xinning"
"8 Eastwood Road","Sujji"
"864 Bowman Street","Youxikou"
"42 Oak Crossing","Gobojango"
"32647 Portage Street","Guaraciaba do Norte"
"4558 Daystar Center","Dengjiang"
"6 Packers Point","SÃ£o Miguel do IguaÃ§u"
"29438 Di Loreto Lane","Foundiougne"
"5 Hazelcrest Street","Lila"
"3076 Fremont Lane","Atok"
"96 Haas Place","Jackson"
"4 Bluestem Point","Shenglilu"
"72 Aberg Avenue","Dayr al GhuÅŸÅ«n"
"0 Oneill Place","Kobylin"
"90057 Prairie Rose Crossing","QuilmanÃ¡"
"5846 Charing Cross Trail","Hanna"
"77947 Mcguire Alley","Turbaco"
"0933 International Lane","Doubrava"
"63 Express Trail","Jabranti"
"2 Carpenter Road","Gbadolite"
"38 Melrose Way","Borodino"
"34389 Esch Lane","Kebon"
"354 Saint Paul Alley","Gersikputih Tengah"
"8 Lien Alley","Zhoutou"
"87 Dryden Pass","Sumbersewu"
"82927 Waywood Court","Oslo"
"1956 Jana Place","San Miguel"
"55 Springview Trail","Kawangkoan"
"10 Vernon Parkway","Indulang"
"36 Green Center","Zhichu"
"146 Sunbrook Center","Pliwetan"
"05 Muir Road","Karjalohja"
"94084 Lawn Point","Novorossiysk"
"608 Blaine Junction","Baykonyr"
"52 Rusk Point","Sumberjati"
"95133 Blackbird Drive","Girsereng"
"29 Grim Hill","Kopang Satu"
"068 Stone Corner Park","Dingjiaqiao"
"1713 Porter Junction","Aricapampa"
"91 Armistice Way","PouÃ©bo"
"0199 Clarendon Terrace","Aurora"
"7190 Lawn Way","Karanganyar"
"46297 Calypso Pass","Sinarharapan"
"7 Bellgrove Park","KunÃ³w"
"0 Riverside Parkway","Starcevica"
"30636 Macpherson Circle","Ferrol"
"6932 Village Green Court","Toki"
"05019 Milwaukee Road","Borovichi"
"36451 Marcy Point","Kobe"
"7 Waxwing Junction","Petrozavodsk"
"81 Bonner Terrace","Knyaze-Volkonskoye"
"737 Graceland Alley","Extremoz"
"326 Riverside Street","Beringin"
"6822 Namekagon Lane","Krasnokumskoye"
"90 Trailsway Plaza","CelendÃ­n"
"5168 Coolidge Center","Å½alec"
"252 Lukken Park","Nice"
"7386 Old Shore Way","Camindangan"
"56 Boyd Terrace","Ã‘uÃ±oa"
"717 Haas Junction","Santa Rosa"
"86 Carey Court","Laolong"
"5 Armistice Drive","Ccatca"
"10 Evergreen Place","WleÅ„"
"31700 Blue Bill Park Crossing","Vancouver"
"30 Sommers Court","Santa Elena de UairÃ©n"
"0 Victoria Plaza","RogÃ³w"
"2 Hauk Drive","Thanh ChÆ°Æ¡ng"
"71 Pond Hill","Cirompang"
"811 Bunker Hill Court","Manna"
"7285 Declaration Pass","Mojkovac"
"4 Thompson Lane","Isla PucÃº"
"138 Anthes Park","Hutang"
"36 Linden Pass","Batan"
"8381 Daystar Way","Santa Cruz La Laguna"
"06 Mandrake Trail","Gongfang"
"9337 Manitowish Plaza","Zhongzhai"
"82848 Banding Place","BÃ¼zmeÃ½in"
"4 Shopko Street","Matalam"
"13 Del Mar Terrace","Milwaukee"
"2482 Village Junction","Moquegua"
"065 Prairie Rose Place","Nahura"
"69146 Goodland Alley","Hengpi"
"34574 Reinke Avenue","Kesambilerenkrajan"
"3 Duke Point","Nart"
"6769 Sutherland Street","Macheke"
"7 Pennsylvania Way","Banjar Susut Kaja"
"4 Northridge Place","Malasugui"
"1 Union Way","Maracay"
"734 Starling Street","ChÆ¡n ThÃ nh"
"70 Mandrake Road","Aizi"
"8 8th Trail","Krajan Satu"
"70725 Towne Trail","Poiares"
"29 Lakewood Circle","Dongchong"
"301 Ridgeview Point","Portalegre"
"4 Schiller Parkway","Beidajie"
"7 Roth Alley","Lascano"
"084 Stuart Way","VÃ¤stra FrÃ¶lunda"
"90805 Arrowood Plaza","Jiufang"
"86 Bonner Terrace","Lamawalang"
"88 4th Park","Benito Juarez"
"02 Golf Parkway","Shixian"
"77 Golf Course Crossing","LuleÃ¥"
"885 Upham Center","Lewolang"
"38353 Monterey Avenue","Kaliska"
"12 Bunker Hill Hill","Pallasovka"
"9 Northland Way","San Vicente"
"86082 Pennsylvania Place","Isawa"
"9540 Pleasure Plaza","KochenÃ«vo"
"87 Derek Crossing","Calaba"
"3 Grim Lane","VÃ¤xjÃ¶"
"0 New Castle Plaza","GrÃ¤storp"
"43 Dahle Court","OrdÃ³Ã±ez"
"45709 Oriole Road","Minokamo"
"39269 Valley Edge Avenue","Gonzalo Pizarro"
"2 Lien Street","Vitrolles"
"2 Dottie Road","SÃ¶lvesborg"
"05 Arapahoe Point","Canguaretama"
"2544 Russell Terrace","Burujul"
"31 Burning Wood Pass","Cilolongokan"
"279 East Center","Changlin"
"63 Transport Hill","EsperanÃ§a"
"83096 Memorial Crossing","Jaen"
"6 Tennessee Crossing","Sukasenang"
"0 Brickson Park Way","San Pedro"
"915 Nobel Lane","Zhongba"
"242 Shelley Road","Zhangjiagang"
"7 Warbler Crossing","MukaÅ™ov"
"4 Dunning Point","SillamÃ¤e"
"6 Hauk Point","Mendes"
"2 Arrowood Crossing","Sv. Trojica v Slov. Goricah"
"2713 Parkside Avenue","Brandsen"
"24543 Schmedeman Terrace","Cajazeiras"
"241 Lakeland Crossing","Bangshipu"
"71 Algoma Road","Neebing"
"179 Shoshone Park","Fukuchiyama"
"9 Acker Plaza","Ribeiro"
"2942 Dwight Place","Saint-Amand-les-Eaux"
"30 Schurz Park","ChÃ¢lons-en-Champagne"
"7 Maryland Place","Phong Äiá»n"
"2 Onsgard Alley","Ibadan"
"2898 Corscot Drive","Bang Yai"
"56190 Delladonna Court","Ebene"
"55 Basil Street","Sebu"
"6439 School Hill","Shuangxikou"
"63140 Merry Crossing","Zawiya"
"94243 Twin Pines Place","Al Qubbah"
"4 Eastwood Parkway","Hekou"
"7453 Kedzie Junction","Maoâ€™ershan"
"52495 Elgar Pass","DoÃ±a Remedios Trinidad"
"37 Warner Trail","Cibungur"
"918 Twin Pines Drive","Tuxi"
"0 Muir Crossing","Hannover"
"92 Bobwhite Hill","Batutua"
"1 Kings Center","La Roche-sur-Yon"
"9 Prentice Circle","VÃ¤sterÃ¥s"
"3 Rieder Place","Moorreesburg"
"021 Gale Pass","Manique de Baixo"
"85657 Gale Street","Ambarakaraka"
"629 Judy Lane","Eadestown"
"6796 Rieder Court","Novoanninskiy"
"01 Norway Maple Street","Charlottenberg"
"44 American Ash Lane","Ã‡alxanqala"
"0 Toban Trail","Tuntum"
"9 Moose Way","Dongchuan"
"884 Mayfield Pass","Camindangan"
"78 Dennis Park","Carmen"
"9 Melvin Alley","Nong Muang Khai"
"058 Burrows Drive","Budapest"
"09179 Oriole Pass","Musan-Å­p"
